TPERIOD,STATION,COLLEGE,STUDENT
12AM-6AM,1 Av,0.8571428571428571,0.5714285714285714
12AM-6AM,103 St,1.8571428571428572,5.0
12AM-6AM,103 St - Corona Plaza,1.2857142857142858,10.285714285714286
12AM-6AM,104 St,0.2857142857142857,3.142857142857143
12AM-6AM,110 St,0.7142857142857143,0.8571428571428571
12AM-6AM,111 St,2.5714285714285716,6.428571428571429
12AM-6AM,116 St,3.142857142857143,7.0
12AM-6AM,116 St - Columbia University,0.14285714285714285,0.7142857142857143
12AM-6AM,121 St,0.8571428571428571,2.5714285714285716
12AM-6AM,125 St,9.428571428571429,10.142857142857142
12AM-6AM,135 St,0.7142857142857143,3.142857142857143
12AM-6AM,137 St - City College,0.5714285714285714,0.5714285714285714
12AM-6AM,138 St - Grand Concourse,0.2857142857142857,0.2857142857142857
12AM-6AM,14 St,9.285714285714286,0.14285714285714285
12AM-6AM,14 St - Union Sq,6.714285714285714,2.2857142857142856
12AM-6AM,145 St,3.0,6.571428571428571
12AM-6AM,149 St - Grand Concourse,2.857142857142857,1.7142857142857142
12AM-6AM,15 St - Prospect Park,0.0,0.14285714285714285
12AM-6AM,155 St,3.0,2.5714285714285716
12AM-6AM,157 St,0.5714285714285714,0.42857142857142855
12AM-6AM,161 St - Yankee Stadium,5.142857142857143,7.285714285714286
12AM-6AM,163 St - Amsterdam Av,0.8571428571428571,1.1428571428571428
12AM-6AM,167 St,5.428571428571429,12.857142857142858
12AM-6AM,168 St,1.2857142857142858,1.5714285714285714
12AM-6AM,169 St,1.7142857142857142,2.5714285714285716
12AM-6AM,170 St,3.4285714285714284,9.142857142857142
12AM-6AM,174 St,1.0,5.428571428571429
12AM-6AM,174-175 Sts,0.8571428571428571,1.1428571428571428
12AM-6AM,175 St,1.7142857142857142,3.0
12AM-6AM,176 St,1.1428571428571428,3.4285714285714284
12AM-6AM,18 Av,0.2857142857142857,5.0
12AM-6AM,18 St,0.2857142857142857,0.2857142857142857
12AM-6AM,181 St,1.1428571428571428,3.5714285714285716
12AM-6AM,182-183 Sts,1.5714285714285714,6.0
12AM-6AM,183 St,1.5714285714285714,6.857142857142857
12AM-6AM,190 St,0.14285714285714285,1.2857142857142858
12AM-6AM,191 St,0.2857142857142857,0.2857142857142857
12AM-6AM,2 Av,1.4285714285714286,0.7142857142857143
12AM-6AM,20 Av,0.7142857142857143,3.0
12AM-6AM,207 St,1.5714285714285714,0.42857142857142855
12AM-6AM,21 St,0.0,0.14285714285714285
12AM-6AM,21 St - Queensbridge,0.2857142857142857,3.142857142857143
12AM-6AM,215 St,0.2857142857142857,0.0
12AM-6AM,219 St,1.1428571428571428,2.0
12AM-6AM,225 St,0.2857142857142857,5.285714285714286
12AM-6AM,23 St,4.0,1.0
12AM-6AM,231 St,0.14285714285714285,2.857142857142857
12AM-6AM,233 St,1.7142857142857142,6.857142857142857
12AM-6AM,238 St,0.42857142857142855,2.0
12AM-6AM,25 Av,0.42857142857142855,0.2857142857142857
12AM-6AM,25 St,0.0,1.7142857142857142
12AM-6AM,28 St,3.2857142857142856,0.8571428571428571
12AM-6AM,3 Av,0.42857142857142855,0.0
12AM-6AM,3 Av - 138 St,1.2857142857142858,3.4285714285714284
12AM-6AM,3 Av - 149 St,3.4285714285714284,8.0
12AM-6AM,30 Av,0.14285714285714285,2.2857142857142856
12AM-6AM,33 St,1.0,0.14285714285714285
12AM-6AM,33 St - Rawson St,0.14285714285714285,0.2857142857142857
12AM-6AM,34 St - Herald Sq,8.285714285714286,1.7142857142857142
12AM-6AM,34 St - Hudson Yds,0.8571428571428571,0.0
12AM-6AM,34 St - Penn Station,9.0,3.0
12AM-6AM,36 Av,0.0,0.7142857142857143
12AM-6AM,36 St,1.1428571428571428,2.142857142857143
12AM-6AM,40 St - Lowery St,0.14285714285714285,1.4285714285714286
12AM-6AM,45 St,0.0,3.4285714285714284
12AM-6AM,46 St,0.42857142857142855,1.8571428571428572
12AM-6AM,46 St - Bliss St,0.14285714285714285,0.8571428571428571
12AM-6AM,47-50 Sts - Rockefeller Ctr,6.428571428571429,1.0
12AM-6AM,49 St,0.5714285714285714,0.0
12AM-6AM,5 Av/53 St,0.14285714285714285,0.0
12AM-6AM,50 St,3.142857142857143,2.0
12AM-6AM,52 St,0.14285714285714285,0.8571428571428571
12AM-6AM,53 St,0.42857142857142855,2.5714285714285716
12AM-6AM,57 St,1.0,0.2857142857142857
12AM-6AM,57 St - 7 Av,0.8571428571428571,0.5714285714285714
12AM-6AM,59 St,1.1428571428571428,1.5714285714285714
12AM-6AM,59 St - Columbus Circle,5.0,0.7142857142857143
12AM-6AM,63 Dr - Rego Park,1.0,2.142857142857143
12AM-6AM,65 St,0.5714285714285714,0.8571428571428571
12AM-6AM,66 St - Lincoln Center,0.42857142857142855,0.7142857142857143
12AM-6AM,67 Av,0.14285714285714285,1.5714285714285714
12AM-6AM,68 St - Hunter College,0.8571428571428571,0.0
12AM-6AM,69 St,0.14285714285714285,1.2857142857142858
12AM-6AM,7 Av,2.857142857142857,0.42857142857142855
12AM-6AM,71 St,0.0,4.857142857142857
12AM-6AM,72 St,1.0,0.42857142857142855
12AM-6AM,75 Av,0.0,0.2857142857142857
12AM-6AM,75 St - Elder Ln,0.42857142857142855,2.2857142857142856
12AM-6AM,77 St,0.8571428571428571,1.0
12AM-6AM,79 St,0.14285714285714285,3.4285714285714284
12AM-6AM,8 Av,0.42857142857142855,0.5714285714285714
12AM-6AM,80 St,0.8571428571428571,2.857142857142857
12AM-6AM,82 St - Jackson Hts,0.14285714285714285,2.4285714285714284
12AM-6AM,85 St - Forest Pkwy,0.42857142857142855,3.4285714285714284
12AM-6AM,86 St,3.142857142857143,10.428571428571429
12AM-6AM,88 St,0.0,1.5714285714285714
12AM-6AM,9 Av,0.2857142857142857,1.5714285714285714
12AM-6AM,90 St - Elmhurst Av,1.0,4.142857142857143
12AM-6AM,96 St,1.4285714285714286,5.428571428571429
12AM-6AM,Alabama Av,0.2857142857142857,0.2857142857142857
12AM-6AM,Allerton Av,0.7142857142857143,2.7142857142857144
12AM-6AM,Aqueduct - N Conduit Av,0.14285714285714285,0.14285714285714285
12AM-6AM,Aqueduct Racetrack,0.42857142857142855,0.14285714285714285
12AM-6AM,Astor Pl,0.8571428571428571,0.2857142857142857
12AM-6AM,Astoria - Ditmars Blvd,0.7142857142857143,1.7142857142857142
12AM-6AM,Astoria Blvd,0.14285714285714285,0.7142857142857143
12AM-6AM,Atlantic Av,0.0,1.5714285714285714
12AM-6AM,Atlantic Av - Barclays Ctr,1.8571428571428572,1.5714285714285714
12AM-6AM,Avenue H,0.0,0.14285714285714285
12AM-6AM,Avenue I,0.0,0.14285714285714285
12AM-6AM,Avenue J,0.14285714285714285,1.2857142857142858
12AM-6AM,Avenue M,0.14285714285714285,1.2857142857142858
12AM-6AM,Avenue N,0.0,0.8571428571428571
12AM-6AM,Avenue P,0.42857142857142855,0.0
12AM-6AM,Avenue U,0.0,2.2857142857142856
12AM-6AM,Avenue X,0.0,1.4285714285714286
12AM-6AM,Bay 50 St,0.0,2.0
12AM-6AM,Bay Pkwy,0.8571428571428571,5.285714285714286
12AM-6AM,Bay Ridge - 95 St,0.0,1.2857142857142858
12AM-6AM,Bay Ridge Av,0.8571428571428571,2.857142857142857
12AM-6AM,Baychester Av,0.42857142857142855,4.0
12AM-6AM,Beach 105 St,0.0,0.7142857142857143
12AM-6AM,Beach 25 St,0.0,7.0
12AM-6AM,Beach 36 St,0.14285714285714285,7.142857142857143
12AM-6AM,Beach 44 St,0.14285714285714285,2.0
12AM-6AM,Beach 60 St,0.42857142857142855,6.571428571428571
12AM-6AM,Beach 67 St,0.14285714285714285,4.714285714285714
12AM-6AM,Beach 90 St,0.14285714285714285,1.8571428571428572
12AM-6AM,Beach 98 St,0.0,0.7142857142857143
12AM-6AM,Bedford - Nostrand Avs,0.0,0.14285714285714285
12AM-6AM,Bedford Av,0.5714285714285714,1.0
12AM-6AM,Bedford Park Blvd,1.5714285714285714,2.5714285714285716
12AM-6AM,Bedford Park Blvd - Lehman College,1.1428571428571428,2.5714285714285716
12AM-6AM,Bergen St,0.2857142857142857,1.7142857142857142
12AM-6AM,Beverley Rd,0.14285714285714285,1.0
12AM-6AM,Beverly Rd,0.8571428571428571,2.857142857142857
12AM-6AM,Bowery,0.14285714285714285,0.0
12AM-6AM,Bowling Green,0.7142857142857143,2.857142857142857
12AM-6AM,Brighton Beach,0.5714285714285714,2.2857142857142856
12AM-6AM,Broad Channel,0.0,0.7142857142857143
12AM-6AM,Broad St,0.0,0.14285714285714285
12AM-6AM,Broadway,3.0,8.714285714285714
12AM-6AM,Broadway Jct,1.7142857142857142,1.4285714285714286
12AM-6AM,Broadway-Lafayette St,2.4285714285714284,0.8571428571428571
12AM-6AM,Bronx Park East,0.14285714285714285,1.0
12AM-6AM,Brook Av,0.7142857142857143,1.7142857142857142
12AM-6AM,Brooklyn Bridge - City Hall,1.0,0.7142857142857143
12AM-6AM,Buhre Av,0.0,1.2857142857142858
12AM-6AM,Burke Av,0.7142857142857143,2.857142857142857
12AM-6AM,Burnside Av,2.0,6.714285714285714
12AM-6AM,Bushwick Av - Aberdeen St,0.0,0.7142857142857143
12AM-6AM,Canal St,1.2857142857142858,0.8571428571428571
12AM-6AM,Canarsie - Rockaway Pkwy,2.4285714285714284,8.142857142857142
12AM-6AM,Carroll St,0.2857142857142857,0.5714285714285714
12AM-6AM,Castle Hill Av,1.5714285714285714,2.5714285714285716
12AM-6AM,Cathedral Pkwy (110 St),1.0,1.4285714285714286
12AM-6AM,Central Av,0.0,0.2857142857142857
12AM-6AM,Central Park North (110 St),0.42857142857142855,2.2857142857142856
12AM-6AM,Chambers St,1.2857142857142858,2.7142857142857144
12AM-6AM,Chauncey St,0.14285714285714285,1.8571428571428572
12AM-6AM,Christopher St - Sheridan Sq,0.5714285714285714,0.0
12AM-6AM,Church Av,2.0,12.714285714285714
12AM-6AM,Clark St,0.7142857142857143,0.0
12AM-6AM,Classon Av,0.8571428571428571,1.2857142857142858
12AM-6AM,Cleveland St,0.0,2.4285714285714284
12AM-6AM,Clinton - Washington Avs,0.14285714285714285,0.14285714285714285
12AM-6AM,Coney Island - Stillwell Av,0.2857142857142857,8.857142857142858
12AM-6AM,Cortelyou Rd,0.0,1.0
12AM-6AM,Court Sq,0.2857142857142857,0.2857142857142857
12AM-6AM,Court St,0.8571428571428571,0.14285714285714285
12AM-6AM,Crescent St,0.42857142857142855,2.0
12AM-6AM,Crown Hts - Utica Av,2.142857142857143,4.857142857142857
12AM-6AM,Cypress Av,0.2857142857142857,1.4285714285714286
12AM-6AM,Cypress Hills,0.14285714285714285,0.0
12AM-6AM,DeKalb Av,1.2857142857142858,6.142857142857143
12AM-6AM,Delancey St - Essex St,1.8571428571428572,1.7142857142857142
12AM-6AM,Ditmas Av,0.0,1.7142857142857142
12AM-6AM,Dyckman St,1.4285714285714286,2.2857142857142856
12AM-6AM,E 105 St,0.2857142857142857,1.4285714285714286
12AM-6AM,E 143 St - St Mary's St,0.14285714285714285,0.0
12AM-6AM,E 149 St,0.5714285714285714,2.0
12AM-6AM,E 180 St,2.142857142857143,2.857142857142857
12AM-6AM,East Broadway,0.7142857142857143,3.2857142857142856
12AM-6AM,Eastchester - Dyre Av,0.0,6.428571428571429
12AM-6AM,Eastern Pkwy - Brooklyn Museum,0.14285714285714285,0.0
12AM-6AM,Elder Av,1.8571428571428572,5.571428571428571
12AM-6AM,Elmhurst Av,0.2857142857142857,1.2857142857142858
12AM-6AM,Euclid Av,1.5714285714285714,6.142857142857143
12AM-6AM,Far Rockaway - Mott Av,1.0,8.285714285714286
12AM-6AM,Flatbush Av - Brooklyn College,1.5714285714285714,5.571428571428571
12AM-6AM,Flushing - Main St,3.5714285714285716,6.571428571428571
12AM-6AM,Flushing Av,0.2857142857142857,2.142857142857143
12AM-6AM,Fordham Rd,5.142857142857143,11.285714285714286
12AM-6AM,Forest Av,0.0,0.7142857142857143
12AM-6AM,Forest Hills - 71 Av,2.0,3.0
12AM-6AM,Fort Hamilton Pkwy,0.5714285714285714,5.714285714285714
12AM-6AM,Franklin Av,0.2857142857142857,2.4285714285714284
12AM-6AM,Freeman St,1.1428571428571428,2.5714285714285716
12AM-6AM,Fresh Pond Rd,0.0,1.2857142857142858
12AM-6AM,Fulton St,5.0,1.8571428571428572
12AM-6AM,Gates Av,1.2857142857142858,0.14285714285714285
12AM-6AM,Graham Av,0.42857142857142855,1.1428571428571428
12AM-6AM,Grand Army Plaza,0.14285714285714285,0.42857142857142855
12AM-6AM,Grand Av - Newtown,0.5714285714285714,5.0
12AM-6AM,Grand Central - 42 St,6.285714285714286,2.857142857142857
12AM-6AM,Grand St,1.7142857142857142,1.2857142857142858
12AM-6AM,Grant Av,0.7142857142857143,2.4285714285714284
12AM-6AM,Greenpoint Av,0.0,0.5714285714285714
12AM-6AM,Gun Hill Rd,3.142857142857143,22.428571428571427
12AM-6AM,Halsey St,0.8571428571428571,5.285714285714286
12AM-6AM,Harlem - 148 St,0.7142857142857143,2.0
12AM-6AM,Hewes St,0.14285714285714285,0.42857142857142855
12AM-6AM,High St,0.14285714285714285,0.7142857142857143
12AM-6AM,Houston St,0.5714285714285714,0.42857142857142855
12AM-6AM,Howard Beach - JFK Airport,0.2857142857142857,0.5714285714285714
12AM-6AM,Hoyt - Schermerhorn Sts,0.2857142857142857,0.8571428571428571
12AM-6AM,Hoyt St,0.7142857142857143,0.2857142857142857
12AM-6AM,Hunts Point Av,3.0,6.428571428571429
12AM-6AM,Intervale Av,0.2857142857142857,1.4285714285714286
12AM-6AM,Inwood - 207 St,1.0,1.5714285714285714
12AM-6AM,Jackson Av,0.8571428571428571,5.857142857142857
12AM-6AM,Jamaica - 179 St,0.8571428571428571,10.428571428571429
12AM-6AM,Jamaica - Van Wyck,0.14285714285714285,1.2857142857142858
12AM-6AM,Jamaica Center - Parsons/Archer,2.7142857142857144,18.0
12AM-6AM,Jay St - MetroTech,0.8571428571428571,0.7142857142857143
12AM-6AM,Jefferson St,0.0,2.142857142857143
12AM-6AM,Junction Blvd,1.0,5.857142857142857
12AM-6AM,Junius St,0.14285714285714285,1.5714285714285714
12AM-6AM,Kew Gardens - Union Tpke,2.2857142857142856,4.714285714285714
12AM-6AM,Kings Hwy,0.5714285714285714,6.0
12AM-6AM,Kingsbridge Rd,4.142857142857143,9.285714285714286
12AM-6AM,Kingston - Throop Avs,0.42857142857142855,2.5714285714285716
12AM-6AM,Kingston Av,0.0,1.1428571428571428
12AM-6AM,Knickerbocker Av,0.0,1.4285714285714286
12AM-6AM,Kosciuszko St,0.0,1.1428571428571428
12AM-6AM,Lafayette Av,0.14285714285714285,0.5714285714285714
12AM-6AM,Lexington Av/53 St,1.7142857142857142,0.8571428571428571
12AM-6AM,Lexington Av/63 St,3.2857142857142856,2.0
12AM-6AM,Liberty Av,0.42857142857142855,1.1428571428571428
12AM-6AM,Livonia Av,0.7142857142857143,1.7142857142857142
12AM-6AM,Longwood Av,0.14285714285714285,1.1428571428571428
12AM-6AM,Lorimer St,2.4285714285714284,0.7142857142857143
12AM-6AM,Marble Hill - 225 St,0.5714285714285714,3.4285714285714284
12AM-6AM,Marcy Av,2.5714285714285716,1.5714285714285714
12AM-6AM,Mets - Willets Point,0.0,0.5714285714285714
12AM-6AM,Middle Village - Metropolitan Av,0.8571428571428571,2.0
12AM-6AM,Middletown Rd,0.0,1.2857142857142858
12AM-6AM,Montrose Av,0.42857142857142855,0.5714285714285714
12AM-6AM,Morgan Av,0.14285714285714285,0.7142857142857143
12AM-6AM,Morris Park,0.0,1.7142857142857142
12AM-6AM,Morrison Av- Sound View,0.42857142857142855,4.142857142857143
12AM-6AM,Mosholu Pkwy,2.142857142857143,2.857142857142857
12AM-6AM,Mt Eden Av,1.1428571428571428,2.5714285714285716
12AM-6AM,Myrtle - Willoughby Avs,0.0,0.2857142857142857
12AM-6AM,Myrtle - Wyckoff Avs,1.2857142857142858,5.714285714285714
12AM-6AM,Myrtle Av,0.5714285714285714,1.5714285714285714
12AM-6AM,Nassau Av,0.42857142857142855,1.4285714285714286
12AM-6AM,Neck Rd,0.0,4.0
12AM-6AM,Neptune Av,0.0,0.2857142857142857
12AM-6AM,Nereid Av,0.5714285714285714,3.0
12AM-6AM,Nevins St,0.5714285714285714,0.5714285714285714
12AM-6AM,New Lots Av,0.5714285714285714,7.714285714285714
12AM-6AM,New Utrecht Av,0.0,1.5714285714285714
12AM-6AM,Newkirk Av,1.4285714285714286,2.4285714285714284
12AM-6AM,Newkirk Plaza,0.2857142857142857,1.4285714285714286
12AM-6AM,Northern Blvd,0.2857142857142857,0.14285714285714285
12AM-6AM,Norwood - 205 St,1.0,4.857142857142857
12AM-6AM,Norwood Av,0.42857142857142855,1.7142857142857142
12AM-6AM,Nostrand Av,0.2857142857142857,3.0
12AM-6AM,Ocean Pkwy,0.0,0.7142857142857143
12AM-6AM,Ozone Park - Lefferts Blvd,0.5714285714285714,6.142857142857143
12AM-6AM,Park Pl,0.42857142857142855,0.7142857142857143
12AM-6AM,Parkchester,4.714285714285714,10.0
12AM-6AM,Parkside Av,0.2857142857142857,0.8571428571428571
12AM-6AM,Parsons Blvd,0.8571428571428571,2.2857142857142856
12AM-6AM,Pelham Bay Park,0.2857142857142857,5.857142857142857
12AM-6AM,Pelham Pkwy,3.0,5.0
12AM-6AM,Pennsylvania Av,0.42857142857142855,3.5714285714285716
12AM-6AM,Prospect Av,0.42857142857142855,3.5714285714285716
12AM-6AM,Prospect Park,0.5714285714285714,1.5714285714285714
12AM-6AM,Queens Plaza,0.42857142857142855,0.14285714285714285
12AM-6AM,Queensboro Plaza,0.5714285714285714,0.42857142857142855
12AM-6AM,Ralph Av,0.7142857142857143,1.1428571428571428
12AM-6AM,Rector St,0.14285714285714285,0.42857142857142855
12AM-6AM,Rockaway Av,0.42857142857142855,5.857142857142857
12AM-6AM,Rockaway Blvd,1.8571428571428572,4.142857142857143
12AM-6AM,Roosevelt Island,0.14285714285714285,0.5714285714285714
12AM-6AM,SIR,1.2857142857142858,1.4285714285714286
12AM-6AM,Saratoga Av,0.7142857142857143,7.0
12AM-6AM,Seneca Av,0.14285714285714285,1.4285714285714286
12AM-6AM,Sheepshead Bay,0.14285714285714285,5.428571428571429
12AM-6AM,Shepherd Av,0.0,1.8571428571428572
12AM-6AM,Simpson St,2.5714285714285716,4.142857142857143
12AM-6AM,Smith - 9 Sts,0.42857142857142855,0.5714285714285714
12AM-6AM,South Ferry,1.7142857142857142,1.5714285714285714
12AM-6AM,Spring St,1.1428571428571428,0.14285714285714285
12AM-6AM,St Lawrence Av,1.5714285714285714,1.8571428571428572
12AM-6AM,Steinway St,1.1428571428571428,0.42857142857142855
12AM-6AM,Sterling St,0.2857142857142857,0.0
12AM-6AM,Sutphin Blvd,1.2857142857142858,0.14285714285714285
12AM-6AM,Sutphin Blvd - Archer Av - JFK Airport,3.142857142857143,7.285714285714286
12AM-6AM,Sutter Av,0.2857142857142857,3.2857142857142856
12AM-6AM,Sutter Av - Rutland Rd,0.2857142857142857,2.0
12AM-6AM,Times Sq - 42 St,27.285714285714285,6.0
12AM-6AM,Tremont Av,3.0,6.571428571428571
12AM-6AM,Union St,0.0,0.2857142857142857
12AM-6AM,Utica Av,0.2857142857142857,3.857142857142857
12AM-6AM,Van Cortlandt Park - 242 St,0.5714285714285714,0.5714285714285714
12AM-6AM,Van Siclen Av,1.4285714285714286,4.285714285714286
12AM-6AM,Vernon Blvd - Jackson Av,0.0,0.2857142857142857
12AM-6AM,W 4 St - Wash Sq,1.8571428571428572,0.0
12AM-6AM,W 8 St - NY Aquarium,0.2857142857142857,0.0
12AM-6AM,Wakefield - 241 St,1.0,5.0
12AM-6AM,Wall St,2.0,0.0
12AM-6AM,West Farms Sq - E Tremont Av,3.142857142857143,4.714285714285714
12AM-6AM,Westchester Sq - E Tremont Av,0.2857142857142857,3.4285714285714284
12AM-6AM,Whitlock Av,0.0,0.8571428571428571
12AM-6AM,Wilson Av,0.42857142857142855,0.7142857142857143
12AM-6AM,Winthrop St,0.0,1.5714285714285714
12AM-6AM,Woodhaven Blvd,1.0,8.142857142857142
12AM-6AM,Woodlawn,0.14285714285714285,1.1428571428571428
12AM-6AM,Woodside - 61 St,0.0,3.0
12AM-6AM,York St,0.2857142857142857,0.7142857142857143
12AM-6AM,Zerega Av,0.42857142857142855,0.8571428571428571
4PM-7PM,1 Av,4.857142857142857,280.7142857142857
4PM-7PM,103 St,15.571428571428571,440.2857142857143
4PM-7PM,103 St - Corona Plaza,10.857142857142858,131.14285714285714
4PM-7PM,104 St,2.857142857142857,42.714285714285715
4PM-7PM,110 St,6.714285714285714,187.14285714285714
4PM-7PM,111 St,8.428571428571429,104.42857142857143
4PM-7PM,116 St,25.428571428571427,565.2857142857143
4PM-7PM,116 St - Columbia University,5.714285714285714,160.14285714285714
4PM-7PM,121 St,1.2857142857142858,22.0
4PM-7PM,125 St,53.142857142857146,1115.5714285714287
4PM-7PM,135 St,13.571428571428571,390.0
4PM-7PM,137 St - City College,9.142857142857142,111.28571428571429
4PM-7PM,138 St - Grand Concourse,1.2857142857142858,12.428571428571429
4PM-7PM,14 St,26.285714285714285,709.1428571428571
4PM-7PM,14 St - Union Sq,32.857142857142854,946.1428571428571
4PM-7PM,145 St,20.571428571428573,339.14285714285717
4PM-7PM,149 St - Grand Concourse,78.57142857142857,272.42857142857144
4PM-7PM,15 St - Prospect Park,3.142857142857143,77.0
4PM-7PM,155 St,6.142857142857143,57.142857142857146
4PM-7PM,157 St,3.5714285714285716,60.42857142857143
4PM-7PM,161 St - Yankee Stadium,24.428571428571427,259.2857142857143
4PM-7PM,163 St - Amsterdam Av,1.7142857142857142,31.428571428571427
4PM-7PM,167 St,25.428571428571427,152.28571428571428
4PM-7PM,168 St,11.285714285714286,268.85714285714283
4PM-7PM,169 St,11.0,105.14285714285714
4PM-7PM,170 St,22.714285714285715,166.14285714285714
4PM-7PM,174 St,9.714285714285714,97.71428571428571
4PM-7PM,174-175 Sts,5.571428571428571,36.57142857142857
4PM-7PM,175 St,5.857142857142857,46.857142857142854
4PM-7PM,176 St,8.714285714285714,73.57142857142857
4PM-7PM,18 Av,5.428571428571429,143.42857142857142
4PM-7PM,18 St,1.0,55.714285714285715
4PM-7PM,181 St,20.714285714285715,188.71428571428572
4PM-7PM,182-183 Sts,6.571428571428571,44.0
4PM-7PM,183 St,9.285714285714286,56.285714285714285
4PM-7PM,190 St,3.857142857142857,34.714285714285715
4PM-7PM,191 St,1.0,18.142857142857142
4PM-7PM,2 Av,4.428571428571429,137.42857142857142
4PM-7PM,20 Av,2.2857142857142856,183.85714285714286
4PM-7PM,207 St,8.142857142857142,71.0
4PM-7PM,21 St,0.0,8.0
4PM-7PM,21 St - Queensbridge,3.857142857142857,88.85714285714286
4PM-7PM,215 St,1.1428571428571428,13.0
4PM-7PM,219 St,3.857142857142857,29.857142857142858
4PM-7PM,225 St,4.285714285714286,37.57142857142857
4PM-7PM,23 St,31.142857142857142,879.0
4PM-7PM,231 St,8.142857142857142,92.28571428571429
4PM-7PM,233 St,3.142857142857143,32.714285714285715
4PM-7PM,238 St,2.4285714285714284,31.714285714285715
4PM-7PM,25 Av,1.4285714285714286,82.42857142857143
4PM-7PM,25 St,0.8571428571428571,24.857142857142858
4PM-7PM,28 St,14.142857142857142,159.85714285714286
4PM-7PM,3 Av,1.8571428571428572,60.714285714285715
4PM-7PM,3 Av - 138 St,4.714285714285714,93.14285714285714
4PM-7PM,3 Av - 149 St,28.142857142857142,343.2857142857143
4PM-7PM,30 Av,4.857142857142857,59.42857142857143
4PM-7PM,33 St,9.714285714285714,290.42857142857144
4PM-7PM,33 St - Rawson St,1.2857142857142858,292.14285714285717
4PM-7PM,34 St - Herald Sq,48.714285714285715,517.5714285714286
4PM-7PM,34 St - Hudson Yds,3.5714285714285716,41.857142857142854
4PM-7PM,34 St - Penn Station,47.142857142857146,431.57142857142856
4PM-7PM,36 Av,2.2857142857142856,68.57142857142857
4PM-7PM,36 St,7.428571428571429,176.85714285714286
4PM-7PM,40 St - Lowery St,2.857142857142857,191.14285714285714
4PM-7PM,45 St,4.142857142857143,70.14285714285714
4PM-7PM,46 St,2.5714285714285716,61.857142857142854
4PM-7PM,46 St - Bliss St,4.714285714285714,83.57142857142857
4PM-7PM,47-50 Sts - Rockefeller Ctr,19.0,155.57142857142858
4PM-7PM,49 St,6.142857142857143,83.85714285714286
4PM-7PM,5 Av/53 St,5.0,53.714285714285715
4PM-7PM,5 Av/59 St,3.7142857142857144,38.714285714285715
4PM-7PM,50 St,11.142857142857142,451.7142857142857
4PM-7PM,52 St,1.2857142857142858,35.0
4PM-7PM,53 St,4.714285714285714,74.42857142857143
4PM-7PM,55 St,0.14285714285714285,18.857142857142858
4PM-7PM,57 St,3.2857142857142856,31.857142857142858
4PM-7PM,57 St - 7 Av,11.0,134.28571428571428
4PM-7PM,59 St,6.571428571428571,76.71428571428571
4PM-7PM,59 St - Columbus Circle,84.71428571428571,909.8571428571429
4PM-7PM,63 Dr - Rego Park,5.571428571428571,68.14285714285714
4PM-7PM,65 St,1.2857142857142858,14.857142857142858
4PM-7PM,66 St - Lincoln Center,7.0,856.8571428571429
4PM-7PM,67 Av,1.7142857142857142,202.0
4PM-7PM,68 St - Hunter College,8.857142857142858,220.42857142857142
4PM-7PM,69 St,2.2857142857142856,30.142857142857142
4PM-7PM,7 Av,11.714285714285714,306.0
4PM-7PM,71 St,1.2857142857142858,39.714285714285715
4PM-7PM,72 St,12.285714285714286,640.8571428571429
4PM-7PM,75 Av,0.14285714285714285,17.571428571428573
4PM-7PM,75 St - Elder Ln,0.8571428571428571,123.0
4PM-7PM,77 St,6.714285714285714,213.71428571428572
4PM-7PM,79 St,6.714285714285714,208.0
4PM-7PM,8 Av,5.0,122.71428571428571
4PM-7PM,80 St,2.4285714285714284,17.0
4PM-7PM,81 St - Museum of Natural History,2.5714285714285716,128.0
4PM-7PM,82 St - Jackson Hts,9.0,123.71428571428571
4PM-7PM,85 St - Forest Pkwy,3.0,16.142857142857142
4PM-7PM,86 St,46.285714285714285,1130.7142857142858
4PM-7PM,88 St,1.4285714285714286,9.714285714285714
4PM-7PM,9 Av,8.142857142857142,230.42857142857142
4PM-7PM,90 St - Elmhurst Av,7.428571428571429,102.85714285714286
4PM-7PM,96 St,25.0,808.0
4PM-7PM,Alabama Av,1.0,26.714285714285715
4PM-7PM,Allerton Av,7.428571428571429,63.42857142857143
4PM-7PM,Aqueduct - N Conduit Av,0.42857142857142855,1.2857142857142858
4PM-7PM,Aqueduct Racetrack,0.0,2.5714285714285716
4PM-7PM,Astor Pl,4.142857142857143,122.28571428571429
4PM-7PM,Astoria - Ditmars Blvd,2.0,76.28571428571429
4PM-7PM,Astoria Blvd,1.2857142857142858,23.571428571428573
4PM-7PM,Atlantic Av,0.5714285714285714,23.0
4PM-7PM,Atlantic Av - Barclays Ctr,24.714285714285715,874.8571428571429
4PM-7PM,Avenue H,0.5714285714285714,28.285714285714285
4PM-7PM,Avenue I,1.0,91.0
4PM-7PM,Avenue J,1.0,143.14285714285714
4PM-7PM,Avenue M,1.2857142857142858,138.71428571428572
4PM-7PM,Avenue N,0.8571428571428571,22.571428571428573
4PM-7PM,Avenue P,0.7142857142857143,11.142857142857142
4PM-7PM,Avenue U,4.0,126.0
4PM-7PM,Avenue X,0.5714285714285714,23.428571428571427
4PM-7PM,Bay 50 St,0.8571428571428571,55.285714285714285
4PM-7PM,Bay Pkwy,3.2857142857142856,182.0
4PM-7PM,Bay Ridge - 95 St,1.8571428571428572,28.0
4PM-7PM,Bay Ridge Av,5.857142857142857,104.57142857142857
4PM-7PM,Baychester Av,4.285714285714286,60.857142857142854
4PM-7PM,Beach 105 St,0.0,3.142857142857143
4PM-7PM,Beach 25 St,0.7142857142857143,16.714285714285715
4PM-7PM,Beach 36 St,0.42857142857142855,4.0
4PM-7PM,Beach 44 St,0.2857142857142857,5.0
4PM-7PM,Beach 60 St,1.5714285714285714,14.857142857142858
4PM-7PM,Beach 67 St,0.8571428571428571,14.714285714285714
4PM-7PM,Beach 90 St,0.5714285714285714,3.4285714285714284
4PM-7PM,Beach 98 St,0.0,10.142857142857142
4PM-7PM,Bedford - Nostrand Avs,1.8571428571428572,45.0
4PM-7PM,Bedford Av,4.142857142857143,117.71428571428571
4PM-7PM,Bedford Park Blvd,7.714285714285714,96.28571428571429
4PM-7PM,Bedford Park Blvd - Lehman College,10.285714285714286,215.57142857142858
4PM-7PM,Bergen St,2.5714285714285716,185.42857142857142
4PM-7PM,Beverley Rd,1.1428571428571428,19.428571428571427
4PM-7PM,Beverly Rd,3.2857142857142856,24.285714285714285
4PM-7PM,Bowery,1.8571428571428572,34.142857142857146
4PM-7PM,Bowling Green,7.857142857142857,235.71428571428572
4PM-7PM,Briarwood,1.4285714285714286,46.0
4PM-7PM,Brighton Beach,3.2857142857142856,95.42857142857143
4PM-7PM,Broad Channel,0.0,1.1428571428571428
4PM-7PM,Broad St,2.4285714285714284,110.42857142857143
4PM-7PM,Broadway,24.857142857142858,391.14285714285717
4PM-7PM,Broadway Jct,4.285714285714286,83.28571428571429
4PM-7PM,Broadway-Lafayette St,16.571428571428573,192.0
4PM-7PM,Bronx Park East,2.857142857142857,37.714285714285715
4PM-7PM,Brook Av,4.428571428571429,90.14285714285714
4PM-7PM,Brooklyn Bridge - City Hall,46.0,200.0
4PM-7PM,Buhre Av,1.4285714285714286,19.142857142857142
4PM-7PM,Burke Av,2.5714285714285716,23.857142857142858
4PM-7PM,Burnside Av,72.57142857142857,112.71428571428571
4PM-7PM,Bushwick Av - Aberdeen St,0.5714285714285714,30.142857142857142
4PM-7PM,Canal St,26.571428571428573,405.57142857142856
4PM-7PM,Canarsie - Rockaway Pkwy,4.571428571428571,123.0
4PM-7PM,Carroll St,1.8571428571428572,130.71428571428572
4PM-7PM,Castle Hill Av,6.142857142857143,64.42857142857143
4PM-7PM,Cathedral Pkwy (110 St),5.714285714285714,200.71428571428572
4PM-7PM,Central Av,0.8571428571428571,26.0
4PM-7PM,Central Park North (110 St),5.0,98.57142857142857
4PM-7PM,Chambers St,381.7142857142857,1012.0
4PM-7PM,Chauncey St,1.4285714285714286,23.285714285714285
4PM-7PM,Christopher St - Sheridan Sq,1.8571428571428572,52.42857142857143
4PM-7PM,Church Av,17.714285714285715,200.42857142857142
4PM-7PM,City Hall,9.571428571428571,98.57142857142857
4PM-7PM,Clark St,0.5714285714285714,26.428571428571427
4PM-7PM,Classon Av,1.2857142857142858,41.57142857142857
4PM-7PM,Cleveland St,1.4285714285714286,38.57142857142857
4PM-7PM,Clinton - Washington Avs,3.2857142857142856,92.0
4PM-7PM,Coney Island - Stillwell Av,4.714285714285714,69.71428571428571
4PM-7PM,Cortelyou Rd,2.142857142857143,40.285714285714285
4PM-7PM,Cortlandt St,5.857142857142857,21.285714285714285
4PM-7PM,Court Sq,5.0,152.28571428571428
4PM-7PM,Court St,42.285714285714285,376.7142857142857
4PM-7PM,Crescent St,1.7142857142857142,36.42857142857143
4PM-7PM,Crown Hts - Utica Av,13.714285714285714,192.42857142857142
4PM-7PM,Cypress Av,2.5714285714285716,34.57142857142857
4PM-7PM,Cypress Hills,0.8571428571428571,12.285714285714286
4PM-7PM,DeKalb Av,11.142857142857142,483.2857142857143
4PM-7PM,Delancey St - Essex St,14.142857142857142,513.4285714285714
4PM-7PM,Ditmas Av,2.4285714285714284,49.42857142857143
4PM-7PM,Dyckman St,12.0,138.57142857142858
4PM-7PM,E 105 St,1.5714285714285714,14.285714285714286
4PM-7PM,E 143 St - St Mary's St,0.5714285714285714,48.42857142857143
4PM-7PM,E 149 St,4.142857142857143,75.42857142857143
4PM-7PM,E 180 St,5.571428571428571,61.142857142857146
4PM-7PM,East Broadway,3.857142857142857,193.57142857142858
4PM-7PM,Eastchester - Dyre Av,1.8571428571428572,15.571428571428571
4PM-7PM,Eastern Pkwy - Brooklyn Museum,1.0,29.142857142857142
4PM-7PM,Elder Av,4.0,81.71428571428571
4PM-7PM,Elmhurst Av,3.5714285714285716,51.42857142857143
4PM-7PM,Euclid Av,6.428571428571429,71.85714285714286
4PM-7PM,Far Rockaway - Mott Av,2.7142857142857144,51.285714285714285
4PM-7PM,Flatbush Av - Brooklyn College,10.428571428571429,148.71428571428572
4PM-7PM,Flushing - Main St,47.285714285714285,456.57142857142856
4PM-7PM,Flushing Av,5.142857142857143,123.71428571428571
4PM-7PM,Fordham Rd,36.142857142857146,244.42857142857142
4PM-7PM,Forest Av,0.8571428571428571,23.285714285714285
4PM-7PM,Forest Hills - 71 Av,12.428571428571429,310.14285714285717
4PM-7PM,Fort Hamilton Pkwy,5.285714285714286,197.85714285714286
4PM-7PM,Franklin Av,32.142857142857146,302.0
4PM-7PM,Franklin St,0.8571428571428571,17.714285714285715
4PM-7PM,Freeman St,7.0,48.42857142857143
4PM-7PM,Fresh Pond Rd,0.8571428571428571,24.714285714285715
4PM-7PM,Fulton St,85.14285714285714,736.2857142857143
4PM-7PM,Gates Av,3.0,55.857142857142854
4PM-7PM,Graham Av,1.7142857142857142,38.42857142857143
4PM-7PM,Grand Army Plaza,2.4285714285714284,96.71428571428571
4PM-7PM,Grand Av - Newtown,5.857142857142857,136.0
4PM-7PM,Grand Central - 42 St,31.571428571428573,310.42857142857144
4PM-7PM,Grand St,8.285714285714286,420.2857142857143
4PM-7PM,Grant Av,2.857142857142857,24.714285714285715
4PM-7PM,Greenpoint Av,1.0,19.142857142857142
4PM-7PM,Gun Hill Rd,10.571428571428571,158.71428571428572
4PM-7PM,Halsey St,5.142857142857143,72.0
4PM-7PM,Harlem - 148 St,1.2857142857142858,40.714285714285715
4PM-7PM,Hewes St,0.5714285714285714,27.714285714285715
4PM-7PM,High St,14.857142857142858,59.857142857142854
4PM-7PM,Houston St,3.142857142857143,120.57142857142857
4PM-7PM,Howard Beach - JFK Airport,0.2857142857142857,4.571428571428571
4PM-7PM,Hoyt - Schermerhorn Sts,4.571428571428571,141.57142857142858
4PM-7PM,Hoyt St,5.857142857142857,161.42857142857142
4PM-7PM,Hunters Point Av,1.4285714285714286,6.285714285714286
4PM-7PM,Hunts Point Av,9.285714285714286,167.0
4PM-7PM,Intervale Av,2.4285714285714284,40.857142857142854
4PM-7PM,Inwood - 207 St,5.714285714285714,45.857142857142854
4PM-7PM,Jackson Av,3.7142857142857144,113.0
4PM-7PM,Jamaica - 179 St,9.857142857142858,71.28571428571429
4PM-7PM,Jamaica - Van Wyck,3.0,21.142857142857142
4PM-7PM,Jamaica Center - Parsons/Archer,32.285714285714285,291.57142857142856
4PM-7PM,Jay St - MetroTech,75.28571428571429,541.8571428571429
4PM-7PM,Jefferson St,1.2857142857142858,26.428571428571427
4PM-7PM,Junction Blvd,10.0,136.42857142857142
4PM-7PM,Junius St,2.5714285714285716,58.714285714285715
4PM-7PM,Kew Gardens - Union Tpke,9.857142857142858,103.42857142857143
4PM-7PM,Kings Hwy,6.571428571428571,262.0
4PM-7PM,Kingsbridge Rd,25.285714285714285,295.14285714285717
4PM-7PM,Kingston - Throop Avs,2.4285714285714284,117.14285714285714
4PM-7PM,Kingston Av,2.0,51.0
4PM-7PM,Knickerbocker Av,2.2857142857142856,60.857142857142854
4PM-7PM,Kosciuszko St,2.7142857142857144,57.285714285714285
4PM-7PM,Lafayette Av,2.5714285714285716,119.14285714285714
4PM-7PM,Lexington Av/53 St,10.571428571428571,245.0
4PM-7PM,Lexington Av/63 St,21.714285714285715,418.0
4PM-7PM,Liberty Av,0.7142857142857143,55.57142857142857
4PM-7PM,Livonia Av,2.7142857142857144,50.42857142857143
4PM-7PM,Longwood Av,0.42857142857142855,29.857142857142858
4PM-7PM,Lorimer St,3.2857142857142856,144.42857142857142
4PM-7PM,Marble Hill - 225 St,4.571428571428571,49.714285714285715
4PM-7PM,Marcy Av,5.571428571428571,134.0
4PM-7PM,Mets - Willets Point,0.5714285714285714,17.857142857142858
4PM-7PM,Middle Village - Metropolitan Av,2.4285714285714284,120.85714285714286
4PM-7PM,Middletown Rd,1.0,11.428571428571429
4PM-7PM,Montrose Av,1.5714285714285714,54.57142857142857
4PM-7PM,Morgan Av,2.0,23.857142857142858
4PM-7PM,Morris Park,1.4285714285714286,9.714285714285714
4PM-7PM,Morrison Av- Sound View,3.2857142857142856,43.714285714285715
4PM-7PM,Mosholu Pkwy,9.571428571428571,101.85714285714286
4PM-7PM,Mt Eden Av,4.285714285714286,42.714285714285715
4PM-7PM,Myrtle - Willoughby Avs,2.0,56.285714285714285
4PM-7PM,Myrtle - Wyckoff Avs,7.571428571428571,216.71428571428572
4PM-7PM,Myrtle Av,3.142857142857143,75.57142857142857
4PM-7PM,Nassau Av,1.7142857142857142,65.71428571428571
4PM-7PM,Neck Rd,0.8571428571428571,32.285714285714285
4PM-7PM,Neptune Av,0.14285714285714285,17.285714285714285
4PM-7PM,Nereid Av,3.142857142857143,25.714285714285715
4PM-7PM,Nevins St,3.5714285714285716,184.14285714285714
4PM-7PM,New Lots Av,6.0,77.42857142857143
4PM-7PM,New Utrecht Av,1.0,102.85714285714286
4PM-7PM,Newkirk Av,5.428571428571429,69.28571428571429
4PM-7PM,Newkirk Plaza,2.7142857142857144,64.71428571428571
4PM-7PM,Northern Blvd,1.5714285714285714,45.0
4PM-7PM,Norwood - 205 St,9.0,76.28571428571429
4PM-7PM,Norwood Av,1.7142857142857142,39.285714285714285
4PM-7PM,Nostrand Av,17.0,260.14285714285717
4PM-7PM,Ocean Pkwy,0.8571428571428571,42.142857142857146
4PM-7PM,Ozone Park - Lefferts Blvd,3.7142857142857144,32.285714285714285
4PM-7PM,Park Pl,0.5714285714285714,19.714285714285715
4PM-7PM,Parkchester,10.428571428571429,120.0
4PM-7PM,Parkside Av,2.142857142857143,23.571428571428573
4PM-7PM,Parsons Blvd,4.571428571428571,102.71428571428571
4PM-7PM,Pelham Bay Park,5.714285714285714,53.0
4PM-7PM,Pelham Pkwy,23.428571428571427,180.85714285714286
4PM-7PM,Pennsylvania Av,2.857142857142857,74.42857142857143
4PM-7PM,President St,14.0,87.85714285714286
4PM-7PM,Prince St,7.0,45.0
4PM-7PM,Prospect Av,14.428571428571429,198.14285714285714
4PM-7PM,Prospect Park,5.571428571428571,61.57142857142857
4PM-7PM,Queens Plaza,1.8571428571428572,140.42857142857142
4PM-7PM,Queensboro Plaza,2.0,153.57142857142858
4PM-7PM,Ralph Av,3.5714285714285716,49.0
4PM-7PM,Rector St,1.8571428571428572,97.85714285714286
4PM-7PM,Rockaway Av,5.857142857142857,132.57142857142858
4PM-7PM,Rockaway Blvd,5.142857142857143,93.14285714285714
4PM-7PM,Rockaway Park - Beach 116 St,0.2857142857142857,3.2857142857142856
4PM-7PM,Roosevelt Island,2.142857142857143,36.142857142857146
4PM-7PM,SIR,6.428571428571429,117.14285714285714
4PM-7PM,Saratoga Av,4.714285714285714,47.285714285714285
4PM-7PM,Seneca Av,1.0,15.714285714285714
4PM-7PM,Sheepshead Bay,3.5714285714285716,125.71428571428571
4PM-7PM,Shepherd Av,2.7142857142857144,32.857142857142854
4PM-7PM,Simpson St,11.571428571428571,122.42857142857143
4PM-7PM,Smith - 9 Sts,1.1428571428571428,66.0
4PM-7PM,South Ferry,12.857142857142858,161.71428571428572
4PM-7PM,Spring St,6.428571428571429,147.57142857142858
4PM-7PM,St Lawrence Av,3.5714285714285716,22.0
4PM-7PM,Steinway St,6.714285714285714,192.14285714285714
4PM-7PM,Sterling St,3.7142857142857144,49.285714285714285
4PM-7PM,Sutphin Blvd,2.2857142857142856,34.57142857142857
4PM-7PM,Sutphin Blvd - Archer Av - JFK Airport,13.142857142857142,108.85714285714286
4PM-7PM,Sutter Av,2.4285714285714284,42.0
4PM-7PM,Sutter Av - Rutland Rd,4.571428571428571,91.57142857142857
4PM-7PM,Times Sq - 42 St,80.28571428571429,1079.5714285714287
4PM-7PM,Tremont Av,12.142857142857142,66.71428571428571
4PM-7PM,Union St,2.2857142857142856,64.71428571428571
4PM-7PM,Utica Av,5.428571428571429,138.28571428571428
4PM-7PM,Van Cortlandt Park - 242 St,2.4285714285714284,43.142857142857146
4PM-7PM,Van Siclen Av,5.285714285714286,91.57142857142857
4PM-7PM,Vernon Blvd - Jackson Av,2.0,110.42857142857143
4PM-7PM,W 4 St - Wash Sq,7.571428571428571,220.71428571428572
4PM-7PM,W 8 St - NY Aquarium,0.7142857142857143,24.142857142857142
4PM-7PM,Wakefield - 241 St,2.2857142857142856,21.285714285714285
4PM-7PM,Wall St,8.428571428571429,193.71428571428572
4PM-7PM,West Farms Sq - E Tremont Av,10.0,90.85714285714286
4PM-7PM,Westchester Sq - E Tremont Av,5.571428571428571,93.28571428571429
4PM-7PM,Whitlock Av,1.0,29.714285714285715
4PM-7PM,Wilson Av,0.7142857142857143,24.0
4PM-7PM,Winthrop St,3.7142857142857144,64.57142857142857
4PM-7PM,Woodhaven Blvd,21.142857142857142,354.85714285714283
4PM-7PM,Woodlawn,7.428571428571429,19.714285714285715
4PM-7PM,Woodside - 61 St,8.0,94.85714285714286
4PM-7PM,York St,8.714285714285714,48.57142857142857
4PM-7PM,Zerega Av,2.0,16.0
6AM-9AM,1 Av,1.5714285714285714,142.71428571428572
6AM-9AM,103 St,14.571428571428571,737.5714285714286
6AM-9AM,103 St - Corona Plaza,24.285714285714285,966.2857142857143
6AM-9AM,104 St,8.0,199.28571428571428
6AM-9AM,110 St,11.714285714285714,292.0
6AM-9AM,111 St,25.142857142857142,846.2857142857143
6AM-9AM,116 St,21.285714285714285,925.5714285714286
6AM-9AM,116 St - Columbia University,1.2857142857142858,119.14285714285714
6AM-9AM,121 St,3.142857142857143,82.0
6AM-9AM,125 St,32.142857142857146,1319.4285714285713
6AM-9AM,135 St,13.714285714285714,516.2857142857143
6AM-9AM,137 St - City College,13.0,322.57142857142856
6AM-9AM,138 St - Grand Concourse,1.4285714285714286,24.714285714285715
6AM-9AM,14 St,3.5714285714285716,306.7142857142857
6AM-9AM,14 St - Union Sq,5.428571428571429,292.0
6AM-9AM,145 St,22.428571428571427,902.7142857142857
6AM-9AM,149 St - Grand Concourse,18.0,257.85714285714283
6AM-9AM,15 St - Prospect Park,1.7142857142857142,250.14285714285714
6AM-9AM,155 St,7.428571428571429,342.0
6AM-9AM,157 St,5.142857142857143,310.42857142857144
6AM-9AM,161 St - Yankee Stadium,31.714285714285715,726.0
6AM-9AM,163 St - Amsterdam Av,5.285714285714286,181.14285714285714
6AM-9AM,167 St,41.57142857142857,852.4285714285714
6AM-9AM,168 St,9.0,334.85714285714283
6AM-9AM,169 St,6.571428571428571,248.42857142857142
6AM-9AM,170 St,27.285714285714285,778.1428571428571
6AM-9AM,174 St,14.857142857142858,331.7142857142857
6AM-9AM,174-175 Sts,10.285714285714286,189.0
6AM-9AM,175 St,11.571428571428571,274.14285714285717
6AM-9AM,176 St,9.0,287.7142857142857
6AM-9AM,18 Av,10.142857142857142,492.85714285714283
6AM-9AM,18 St,0.14285714285714285,37.42857142857143
6AM-9AM,181 St,20.285714285714285,836.8571428571429
6AM-9AM,182-183 Sts,10.285714285714286,302.2857142857143
6AM-9AM,183 St,12.857142857142858,348.85714285714283
6AM-9AM,190 St,3.4285714285714284,166.42857142857142
6AM-9AM,191 St,0.7142857142857143,69.42857142857143
6AM-9AM,2 Av,1.4285714285714286,73.85714285714286
6AM-9AM,20 Av,5.714285714285714,386.0
6AM-9AM,207 St,5.428571428571429,241.0
6AM-9AM,21 St,0.0,11.428571428571429
6AM-9AM,21 St - Queensbridge,5.857142857142857,184.14285714285714
6AM-9AM,215 St,0.2857142857142857,50.57142857142857
6AM-9AM,219 St,10.0,211.71428571428572
6AM-9AM,225 St,17.857142857142858,269.7142857142857
6AM-9AM,23 St,7.285714285714286,383.57142857142856
6AM-9AM,231 St,9.714285714285714,272.2857142857143
6AM-9AM,233 St,10.0,314.42857142857144
6AM-9AM,238 St,5.571428571428571,150.42857142857142
6AM-9AM,25 Av,3.7142857142857144,284.14285714285717
6AM-9AM,25 St,2.5714285714285716,124.28571428571429
6AM-9AM,28 St,4.142857142857143,107.42857142857143
6AM-9AM,3 Av,0.2857142857142857,13.285714285714286
6AM-9AM,3 Av - 138 St,10.285714285714286,328.57142857142856
6AM-9AM,3 Av - 149 St,27.714285714285715,639.2857142857143
6AM-9AM,30 Av,3.857142857142857,231.57142857142858
6AM-9AM,33 St,1.1428571428571428,100.14285714285714
6AM-9AM,33 St - Rawson St,0.5714285714285714,22.571428571428573
6AM-9AM,34 St - Herald Sq,4.142857142857143,135.0
6AM-9AM,34 St - Hudson Yds,0.7142857142857143,16.857142857142858
6AM-9AM,34 St - Penn Station,27.714285714285715,683.0
6AM-9AM,36 Av,3.4285714285714284,134.28571428571428
6AM-9AM,36 St,9.714285714285714,387.42857142857144
6AM-9AM,40 St - Lowery St,2.4285714285714284,189.85714285714286
6AM-9AM,45 St,7.428571428571429,504.0
6AM-9AM,46 St,2.5714285714285716,151.28571428571428
6AM-9AM,46 St - Bliss St,6.285714285714286,327.2857142857143
6AM-9AM,47-50 Sts - Rockefeller Ctr,2.2857142857142856,9.285714285714286
6AM-9AM,49 St,0.5714285714285714,57.0
6AM-9AM,5 Av/53 St,0.0,4.0
6AM-9AM,5 Av/59 St,0.7142857142857143,8.428571428571429
6AM-9AM,50 St,5.428571428571429,301.14285714285717
6AM-9AM,52 St,2.0,183.57142857142858
6AM-9AM,53 St,10.857142857142858,625.7142857142857
6AM-9AM,55 St,1.0,79.28571428571429
6AM-9AM,57 St,0.2857142857142857,10.142857142857142
6AM-9AM,57 St - 7 Av,1.0,127.0
6AM-9AM,59 St,11.0,642.2857142857143
6AM-9AM,59 St - Columbus Circle,4.285714285714286,225.14285714285714
6AM-9AM,63 Dr - Rego Park,7.571428571428571,320.42857142857144
6AM-9AM,65 St,0.7142857142857143,132.42857142857142
6AM-9AM,66 St - Lincoln Center,0.7142857142857143,122.28571428571429
6AM-9AM,67 Av,3.0,160.57142857142858
6AM-9AM,68 St - Hunter College,1.7142857142857142,65.85714285714286
6AM-9AM,69 St,4.714285714285714,274.57142857142856
6AM-9AM,7 Av,2.2857142857142856,602.5714285714286
6AM-9AM,71 St,3.4285714285714284,268.0
6AM-9AM,72 St,2.142857142857143,530.5714285714286
6AM-9AM,75 Av,0.0,72.0
6AM-9AM,75 St - Elder Ln,4.571428571428571,224.57142857142858
6AM-9AM,77 St,4.714285714285714,257.7142857142857
6AM-9AM,79 St,4.285714285714286,389.42857142857144
6AM-9AM,8 Av,6.714285714285714,545.2857142857143
6AM-9AM,80 St,10.142857142857142,260.42857142857144
6AM-9AM,81 St - Museum of Natural History,0.5714285714285714,78.42857142857143
6AM-9AM,82 St - Jackson Hts,12.714285714285714,517.2857142857143
6AM-9AM,85 St - Forest Pkwy,8.285714285714286,220.57142857142858
6AM-9AM,86 St,16.857142857142858,1154.5714285714287
6AM-9AM,88 St,6.285714285714286,109.85714285714286
6AM-9AM,9 Av,8.0,651.1428571428571
6AM-9AM,90 St - Elmhurst Av,11.285714285714286,731.5714285714286
6AM-9AM,96 St,16.142857142857142,1140.142857142857
6AM-9AM,Alabama Av,1.7142857142857142,90.42857142857143
6AM-9AM,Allerton Av,9.285714285714286,215.57142857142858
6AM-9AM,Aqueduct - N Conduit Av,0.42857142857142855,31.857142857142858
6AM-9AM,Aqueduct Racetrack,0.0,7.714285714285714
6AM-9AM,Astor Pl,0.7142857142857143,45.857142857142854
6AM-9AM,Astoria - Ditmars Blvd,2.857142857142857,342.0
6AM-9AM,Astoria Blvd,2.5714285714285716,138.71428571428572
6AM-9AM,Atlantic Av,0.2857142857142857,112.71428571428571
6AM-9AM,Atlantic Av - Barclays Ctr,8.571428571428571,305.7142857142857
6AM-9AM,Avenue H,1.5714285714285714,101.0
6AM-9AM,Avenue I,0.14285714285714285,47.0
6AM-9AM,Avenue J,2.7142857142857144,178.0
6AM-9AM,Avenue M,1.5714285714285714,168.57142857142858
6AM-9AM,Avenue N,1.2857142857142858,110.28571428571429
6AM-9AM,Avenue P,1.0,84.57142857142857
6AM-9AM,Avenue U,5.142857142857143,517.7142857142857
6AM-9AM,Avenue X,2.0,113.71428571428571
6AM-9AM,Bay 50 St,2.7142857142857144,131.85714285714286
6AM-9AM,Bay Pkwy,10.0,608.4285714285714
6AM-9AM,Bay Ridge - 95 St,2.2857142857142856,151.42857142857142
6AM-9AM,Bay Ridge Av,7.142857142857143,246.42857142857142
6AM-9AM,Baychester Av,12.0,253.57142857142858
6AM-9AM,Beach 105 St,0.0,2.7142857142857144
6AM-9AM,Beach 25 St,4.714285714285714,119.71428571428571
6AM-9AM,Beach 36 St,2.142857142857143,73.57142857142857
6AM-9AM,Beach 44 St,1.2857142857142858,53.0
6AM-9AM,Beach 60 St,2.142857142857143,161.85714285714286
6AM-9AM,Beach 67 St,3.0,114.42857142857143
6AM-9AM,Beach 90 St,2.7142857142857144,33.714285714285715
6AM-9AM,Beach 98 St,1.5714285714285714,16.571428571428573
6AM-9AM,Bedford - Nostrand Avs,3.5714285714285716,221.28571428571428
6AM-9AM,Bedford Av,1.1428571428571428,199.85714285714286
6AM-9AM,Bedford Park Blvd,10.0,274.2857142857143
6AM-9AM,Bedford Park Blvd - Lehman College,13.571428571428571,142.71428571428572
6AM-9AM,Bergen St,1.0,374.85714285714283
6AM-9AM,Beverley Rd,3.142857142857143,168.57142857142858
6AM-9AM,Beverly Rd,5.428571428571429,249.0
6AM-9AM,Bowery,0.0,16.142857142857142
6AM-9AM,Bowling Green,3.2857142857142856,99.85714285714286
6AM-9AM,Briarwood,3.0,151.0
6AM-9AM,Brighton Beach,5.714285714285714,332.14285714285717
6AM-9AM,Broad Channel,0.14285714285714285,7.714285714285714
6AM-9AM,Broad St,0.0,12.857142857142858
6AM-9AM,Broadway,35.0,1652.142857142857
6AM-9AM,Broadway Jct,9.428571428571429,308.42857142857144
6AM-9AM,Broadway-Lafayette St,1.4285714285714286,121.57142857142857
6AM-9AM,Bronx Park East,6.857142857142857,153.71428571428572
6AM-9AM,Brook Av,6.428571428571429,239.71428571428572
6AM-9AM,Brooklyn Bridge - City Hall,2.142857142857143,205.42857142857142
6AM-9AM,Buhre Av,6.857142857142857,193.71428571428572
6AM-9AM,Burke Av,9.857142857142858,206.42857142857142
6AM-9AM,Burnside Av,17.428571428571427,460.0
6AM-9AM,Bushwick Av - Aberdeen St,0.8571428571428571,96.0
6AM-9AM,Canal St,1.4285714285714286,274.7142857142857
6AM-9AM,Canarsie - Rockaway Pkwy,9.857142857142858,478.14285714285717
6AM-9AM,Carroll St,1.1428571428571428,327.85714285714283
6AM-9AM,Castle Hill Av,15.714285714285714,391.7142857142857
6AM-9AM,Cathedral Pkwy (110 St),3.4285714285714284,375.85714285714283
6AM-9AM,Central Av,3.5714285714285716,118.0
6AM-9AM,Central Park North (110 St),5.857142857142857,269.14285714285717
6AM-9AM,Chambers St,14.142857142857142,302.57142857142856
6AM-9AM,Chauncey St,2.0,106.42857142857143
6AM-9AM,Christopher St - Sheridan Sq,0.5714285714285714,40.57142857142857
6AM-9AM,Church Av,28.142857142857142,1528.2857142857142
6AM-9AM,City Hall,0.14285714285714285,31.857142857142858
6AM-9AM,Clark St,0.0,55.714285714285715
6AM-9AM,Classon Av,2.0,155.14285714285714
6AM-9AM,Cleveland St,5.714285714285714,219.57142857142858
6AM-9AM,Clinton - Washington Avs,1.1428571428571428,212.85714285714286
6AM-9AM,Coney Island - Stillwell Av,6.142857142857143,585.4285714285714
6AM-9AM,Cortelyou Rd,4.857142857142857,312.42857142857144
6AM-9AM,Cortlandt St,0.8571428571428571,35.285714285714285
6AM-9AM,Court Sq,3.5714285714285716,101.42857142857143
6AM-9AM,Court St,0.8571428571428571,137.71428571428572
6AM-9AM,Crescent St,6.571428571428571,328.57142857142856
6AM-9AM,Crown Hts - Utica Av,30.714285714285715,955.8571428571429
6AM-9AM,Cypress Av,6.428571428571429,142.14285714285714
6AM-9AM,Cypress Hills,1.5714285714285714,90.28571428571429
6AM-9AM,DeKalb Av,8.0,613.8571428571429
6AM-9AM,Delancey St - Essex St,5.714285714285714,330.2857142857143
6AM-9AM,Ditmas Av,5.285714285714286,223.42857142857142
6AM-9AM,Dyckman St,14.571428571428571,507.42857142857144
6AM-9AM,E 105 St,6.0,145.42857142857142
6AM-9AM,E 143 St - St Mary's St,0.42857142857142855,31.142857142857142
6AM-9AM,E 149 St,3.0,305.2857142857143
6AM-9AM,E 180 St,13.571428571428571,387.42857142857144
6AM-9AM,East Broadway,2.142857142857143,337.42857142857144
6AM-9AM,Eastchester - Dyre Av,6.0,247.57142857142858
6AM-9AM,Eastern Pkwy - Brooklyn Museum,0.7142857142857143,79.28571428571429
6AM-9AM,Elder Av,7.714285714285714,323.0
6AM-9AM,Elmhurst Av,11.142857142857142,462.57142857142856
6AM-9AM,Euclid Av,18.285714285714285,629.4285714285714
6AM-9AM,Far Rockaway - Mott Av,6.285714285714286,186.57142857142858
6AM-9AM,Flatbush Av - Brooklyn College,27.571428571428573,680.1428571428571
6AM-9AM,Flushing - Main St,27.142857142857142,1175.4285714285713
6AM-9AM,Flushing Av,6.571428571428571,189.57142857142858
6AM-9AM,Fordham Rd,33.142857142857146,743.5714285714286
6AM-9AM,Forest Av,2.7142857142857144,145.57142857142858
6AM-9AM,Forest Hills - 71 Av,6.714285714285714,554.1428571428571
6AM-9AM,Fort Hamilton Pkwy,9.142857142857142,1069.7142857142858
6AM-9AM,Franklin Av,9.428571428571429,362.42857142857144
6AM-9AM,Franklin St,0.0,70.28571428571429
6AM-9AM,Freeman St,13.857142857142858,244.42857142857142
6AM-9AM,Fresh Pond Rd,7.285714285714286,220.0
6AM-9AM,Fulton St,10.571428571428571,412.0
6AM-9AM,Gates Av,4.857142857142857,143.71428571428572
6AM-9AM,Graham Av,3.142857142857143,96.28571428571429
6AM-9AM,Grand Army Plaza,1.0,154.0
6AM-9AM,Grand Av - Newtown,11.0,676.7142857142857
6AM-9AM,Grand Central - 42 St,6.142857142857143,222.85714285714286
6AM-9AM,Grand St,2.4285714285714284,347.0
6AM-9AM,Grant Av,9.714285714285714,334.14285714285717
6AM-9AM,Greenpoint Av,1.7142857142857142,135.42857142857142
6AM-9AM,Gun Hill Rd,19.285714285714285,539.7142857142857
6AM-9AM,Halsey St,11.857142857142858,429.2857142857143
6AM-9AM,Harlem - 148 St,2.5714285714285716,202.14285714285714
6AM-9AM,Hewes St,1.0,28.428571428571427
6AM-9AM,High St,1.5714285714285714,106.0
6AM-9AM,Houston St,0.2857142857142857,25.857142857142858
6AM-9AM,Howard Beach - JFK Airport,0.42857142857142855,12.142857142857142
6AM-9AM,Hoyt - Schermerhorn Sts,0.2857142857142857,70.0
6AM-9AM,Hoyt St,0.7142857142857143,31.285714285714285
6AM-9AM,Hunters Point Av,0.7142857142857143,27.285714285714285
6AM-9AM,Hunts Point Av,12.571428571428571,474.14285714285717
6AM-9AM,Intervale Av,5.428571428571429,129.42857142857142
6AM-9AM,Inwood - 207 St,9.857142857142858,278.85714285714283
6AM-9AM,Jackson Av,10.285714285714286,277.7142857142857
6AM-9AM,Jamaica - 179 St,25.428571428571427,597.4285714285714
6AM-9AM,Jamaica - Van Wyck,3.142857142857143,112.85714285714286
6AM-9AM,Jamaica Center - Parsons/Archer,44.857142857142854,979.1428571428571
6AM-9AM,Jay St - MetroTech,5.428571428571429,262.7142857142857
6AM-9AM,Jefferson St,1.7142857142857142,171.0
6AM-9AM,Junction Blvd,24.857142857142858,921.4285714285714
6AM-9AM,Junius St,5.0,139.42857142857142
6AM-9AM,Kew Gardens - Union Tpke,9.285714285714286,684.7142857142857
6AM-9AM,Kings Hwy,17.0,892.7142857142857
6AM-9AM,Kingsbridge Rd,32.57142857142857,710.7142857142857
6AM-9AM,Kingston - Throop Avs,2.7142857142857144,159.71428571428572
6AM-9AM,Kingston Av,2.142857142857143,94.85714285714286
6AM-9AM,Knickerbocker Av,3.0,103.85714285714286
6AM-9AM,Kosciuszko St,2.0,104.28571428571429
6AM-9AM,Lafayette Av,0.2857142857142857,63.142857142857146
6AM-9AM,Lexington Av/53 St,1.8571428571428572,109.85714285714286
6AM-9AM,Lexington Av/63 St,3.0,235.71428571428572
6AM-9AM,Liberty Av,1.8571428571428572,157.14285714285714
6AM-9AM,Livonia Av,3.0,236.71428571428572
6AM-9AM,Longwood Av,1.8571428571428572,76.42857142857143
6AM-9AM,Lorimer St,4.714285714285714,243.42857142857142
6AM-9AM,Marble Hill - 225 St,3.4285714285714284,194.14285714285714
6AM-9AM,Marcy Av,4.285714285714286,148.42857142857142
6AM-9AM,Mets - Willets Point,0.42857142857142855,17.285714285714285
6AM-9AM,Middle Village - Metropolitan Av,4.571428571428571,78.71428571428571
6AM-9AM,Middletown Rd,2.857142857142857,94.28571428571429
6AM-9AM,Montrose Av,0.8571428571428571,99.42857142857143
6AM-9AM,Morgan Av,0.2857142857142857,87.85714285714286
6AM-9AM,Morris Park,2.7142857142857144,110.14285714285714
6AM-9AM,Morrison Av- Sound View,14.285714285714286,337.14285714285717
6AM-9AM,Mosholu Pkwy,14.571428571428571,302.0
6AM-9AM,Mt Eden Av,9.285714285714286,225.28571428571428
6AM-9AM,Myrtle - Willoughby Avs,2.7142857142857144,211.14285714285714
6AM-9AM,Myrtle - Wyckoff Avs,18.0,516.0
6AM-9AM,Myrtle Av,4.857142857142857,229.57142857142858
6AM-9AM,Nassau Av,0.42857142857142855,120.0
6AM-9AM,Neck Rd,1.8571428571428572,225.42857142857142
6AM-9AM,Neptune Av,0.0,38.857142857142854
6AM-9AM,Nereid Av,5.0,214.14285714285714
6AM-9AM,Nevins St,1.7142857142857142,60.0
6AM-9AM,New Lots Av,11.285714285714286,537.1428571428571
6AM-9AM,New Utrecht Av,3.0,177.85714285714286
6AM-9AM,Newkirk Av,10.428571428571429,359.2857142857143
6AM-9AM,Newkirk Plaza,6.142857142857143,470.0
6AM-9AM,Northern Blvd,2.2857142857142856,192.0
6AM-9AM,Norwood - 205 St,16.285714285714285,420.0
6AM-9AM,Norwood Av,4.428571428571429,219.85714285714286
6AM-9AM,Nostrand Av,5.428571428571429,351.57142857142856
6AM-9AM,Ocean Pkwy,0.5714285714285714,92.85714285714286
6AM-9AM,Ozone Park - Lefferts Blvd,18.857142857142858,211.85714285714286
6AM-9AM,Park Pl,0.14285714285714285,60.57142857142857
6AM-9AM,Parkchester,25.0,960.8571428571429
6AM-9AM,Parkside Av,2.4285714285714284,155.85714285714286
6AM-9AM,Parsons Blvd,4.857142857142857,178.14285714285714
6AM-9AM,Pelham Bay Park,7.857142857142857,274.85714285714283
6AM-9AM,Pelham Pkwy,22.571428571428573,396.57142857142856
6AM-9AM,Pennsylvania Av,7.428571428571429,246.71428571428572
6AM-9AM,President St,1.8571428571428572,107.42857142857143
6AM-9AM,Prince St,0.0,30.142857142857142
6AM-9AM,Prospect Av,16.571428571428573,404.57142857142856
6AM-9AM,Prospect Park,4.0,301.2857142857143
6AM-9AM,Queens Plaza,0.7142857142857143,39.714285714285715
6AM-9AM,Queensboro Plaza,1.2857142857142858,118.85714285714286
6AM-9AM,Ralph Av,5.142857142857143,255.85714285714286
6AM-9AM,Rector St,1.4285714285714286,93.42857142857143
6AM-9AM,Rockaway Av,10.857142857142858,581.4285714285714
6AM-9AM,Rockaway Blvd,15.142857142857142,231.28571428571428
6AM-9AM,Rockaway Park - Beach 116 St,0.5714285714285714,14.714285714285714
6AM-9AM,Roosevelt Island,1.0,188.42857142857142
6AM-9AM,SIR,7.428571428571429,1468.7857142857142
6AM-9AM,Saratoga Av,6.428571428571429,310.7142857142857
6AM-9AM,Seneca Av,6.428571428571429,124.42857142857143
6AM-9AM,Sheepshead Bay,6.714285714285714,536.4285714285714
6AM-9AM,Shepherd Av,4.714285714285714,249.28571428571428
6AM-9AM,Simpson St,22.428571428571427,361.42857142857144
6AM-9AM,Smith - 9 Sts,1.1428571428571428,144.85714285714286
6AM-9AM,South Ferry,25.857142857142858,322.42857142857144
6AM-9AM,Spring St,0.2857142857142857,88.71428571428571
6AM-9AM,St Lawrence Av,10.0,241.14285714285714
6AM-9AM,Steinway St,3.142857142857143,147.85714285714286
6AM-9AM,Sterling St,2.2857142857142856,135.42857142857142
6AM-9AM,Sutphin Blvd,2.857142857142857,203.57142857142858
6AM-9AM,Sutphin Blvd - Archer Av - JFK Airport,13.714285714285714,477.7142857142857
6AM-9AM,Sutter Av,3.2857142857142856,262.2857142857143
6AM-9AM,Sutter Av - Rutland Rd,12.571428571428571,315.7142857142857
6AM-9AM,Times Sq - 42 St,23.142857142857142,499.7142857142857
6AM-9AM,Tremont Av,20.714285714285715,454.7142857142857
6AM-9AM,Union St,0.14285714285714285,112.28571428571429
6AM-9AM,Utica Av,10.571428571428571,526.5714285714286
6AM-9AM,Van Cortlandt Park - 242 St,13.0,125.71428571428571
6AM-9AM,Van Siclen Av,12.0,556.2857142857143
6AM-9AM,Vernon Blvd - Jackson Av,0.14285714285714285,126.71428571428571
6AM-9AM,W 4 St - Wash Sq,1.4285714285714286,98.42857142857143
6AM-9AM,W 8 St - NY Aquarium,0.0,69.0
6AM-9AM,Wakefield - 241 St,7.857142857142857,241.28571428571428
6AM-9AM,Wall St,0.8571428571428571,89.14285714285714
6AM-9AM,West Farms Sq - E Tremont Av,13.285714285714286,306.14285714285717
6AM-9AM,Westchester Sq - E Tremont Av,7.0,205.85714285714286
6AM-9AM,Whitlock Av,3.2857142857142856,102.57142857142857
6AM-9AM,Wilson Av,2.142857142857143,169.71428571428572
6AM-9AM,Winthrop St,4.0,185.85714285714286
6AM-9AM,Woodhaven Blvd,19.857142857142858,918.7142857142857
6AM-9AM,Woodlawn,15.714285714285714,192.71428571428572
6AM-9AM,Woodside - 61 St,12.285714285714286,635.2857142857143
6AM-9AM,York St,0.7142857142857143,92.0
6AM-9AM,Zerega Av,4.428571428571429,151.28571428571428
7PM-12AM,1 Av,4.285714285714286,28.428571428571427
7PM-12AM,103 St,10.857142857142858,63.714285714285715
7PM-12AM,103 St - Corona Plaza,4.571428571428571,32.0
7PM-12AM,104 St,1.4285714285714286,6.714285714285714
7PM-12AM,110 St,5.285714285714286,32.285714285714285
7PM-12AM,111 St,4.714285714285714,19.428571428571427
7PM-12AM,116 St,20.571428571428573,119.57142857142857
7PM-12AM,116 St - Columbia University,4.285714285714286,44.714285714285715
7PM-12AM,121 St,1.0,2.4285714285714284
7PM-12AM,125 St,46.57142857142857,228.0
7PM-12AM,135 St,8.857142857142858,70.85714285714286
7PM-12AM,137 St - City College,5.142857142857143,20.857142857142858
7PM-12AM,138 St - Grand Concourse,0.42857142857142855,2.142857142857143
7PM-12AM,14 St,31.857142857142858,98.14285714285714
7PM-12AM,14 St - Union Sq,46.142857142857146,225.71428571428572
7PM-12AM,145 St,17.0,90.71428571428571
7PM-12AM,149 St - Grand Concourse,56.857142857142854,60.42857142857143
7PM-12AM,15 St - Prospect Park,1.0,9.714285714285714
7PM-12AM,155 St,3.2857142857142856,13.285714285714286
7PM-12AM,157 St,2.2857142857142856,14.857142857142858
7PM-12AM,161 St - Yankee Stadium,20.428571428571427,55.142857142857146
7PM-12AM,163 St - Amsterdam Av,1.7142857142857142,5.428571428571429
7PM-12AM,167 St,18.0,30.142857142857142
7PM-12AM,168 St,7.857142857142857,49.0
7PM-12AM,169 St,5.0,12.0
7PM-12AM,170 St,13.571428571428571,34.285714285714285
7PM-12AM,174 St,4.428571428571429,17.571428571428573
7PM-12AM,174-175 Sts,4.285714285714286,6.714285714285714
7PM-12AM,175 St,5.142857142857143,8.285714285714286
7PM-12AM,176 St,6.0,12.0
7PM-12AM,18 Av,4.142857142857143,25.714285714285715
7PM-12AM,18 St,2.142857142857143,8.571428571428571
7PM-12AM,181 St,10.714285714285714,43.857142857142854
7PM-12AM,182-183 Sts,4.571428571428571,10.142857142857142
7PM-12AM,183 St,5.285714285714286,8.714285714285714
7PM-12AM,190 St,1.1428571428571428,4.714285714285714
7PM-12AM,191 St,0.5714285714285714,3.5714285714285716
7PM-12AM,2 Av,5.428571428571429,19.0
7PM-12AM,20 Av,2.0,24.285714285714285
7PM-12AM,207 St,5.142857142857143,16.714285714285715
7PM-12AM,21 St,0.0,1.8571428571428572
7PM-12AM,21 St - Queensbridge,2.4285714285714284,10.0
7PM-12AM,215 St,1.1428571428571428,1.4285714285714286
7PM-12AM,219 St,2.0,5.428571428571429
7PM-12AM,225 St,4.142857142857143,7.428571428571429
7PM-12AM,23 St,31.0,171.71428571428572
7PM-12AM,231 St,4.0,17.428571428571427
7PM-12AM,233 St,2.857142857142857,6.142857142857143
7PM-12AM,238 St,3.4285714285714284,6.428571428571429
7PM-12AM,25 Av,1.0,11.0
7PM-12AM,25 St,1.2857142857142858,3.857142857142857
7PM-12AM,28 St,11.0,44.57142857142857
7PM-12AM,3 Av,0.5714285714285714,32.714285714285715
7PM-12AM,3 Av - 138 St,5.142857142857143,16.0
7PM-12AM,3 Av - 149 St,13.428571428571429,53.285714285714285
7PM-12AM,30 Av,2.7142857142857144,10.285714285714286
7PM-12AM,33 St,10.571428571428571,29.0
7PM-12AM,33 St - Rawson St,2.5714285714285716,23.142857142857142
7PM-12AM,34 St - Herald Sq,56.142857142857146,125.71428571428571
7PM-12AM,34 St - Hudson Yds,5.0,9.0
7PM-12AM,34 St - Penn Station,57.0,109.71428571428571
7PM-12AM,36 Av,1.5714285714285714,11.142857142857142
7PM-12AM,36 St,4.571428571428571,26.0
7PM-12AM,40 St - Lowery St,1.7142857142857142,20.571428571428573
7PM-12AM,45 St,2.2857142857142856,19.142857142857142
7PM-12AM,46 St,0.42857142857142855,9.714285714285714
7PM-12AM,46 St - Bliss St,3.7142857142857144,15.142857142857142
7PM-12AM,47-50 Sts - Rockefeller Ctr,20.857142857142858,33.57142857142857
7PM-12AM,49 St,5.714285714285714,17.714285714285715
7PM-12AM,5 Av/53 St,4.285714285714286,9.571428571428571
7PM-12AM,5 Av/59 St,1.8571428571428572,9.428571428571429
7PM-12AM,50 St,12.714285714285714,58.285714285714285
7PM-12AM,52 St,1.4285714285714286,6.142857142857143
7PM-12AM,53 St,2.5714285714285716,17.857142857142858
7PM-12AM,55 St,1.0,4.142857142857143
7PM-12AM,57 St,4.142857142857143,8.714285714285714
7PM-12AM,57 St - 7 Av,11.428571428571429,32.285714285714285
7PM-12AM,59 St,2.142857142857143,19.571428571428573
7PM-12AM,59 St - Columbus Circle,72.28571428571429,146.57142857142858
7PM-12AM,63 Dr - Rego Park,5.142857142857143,15.428571428571429
7PM-12AM,65 St,0.5714285714285714,3.7142857142857144
7PM-12AM,66 St - Lincoln Center,8.428571428571429,62.857142857142854
7PM-12AM,67 Av,2.142857142857143,8.571428571428571
7PM-12AM,68 St - Hunter College,6.714285714285714,36.0
7PM-12AM,69 St,1.5714285714285714,8.571428571428571
7PM-12AM,7 Av,11.0,49.857142857142854
7PM-12AM,71 St,0.8571428571428571,5.285714285714286
7PM-12AM,72 St,17.571428571428573,85.57142857142857
7PM-12AM,75 Av,0.8571428571428571,2.4285714285714284
7PM-12AM,75 St - Elder Ln,1.5714285714285714,12.0
7PM-12AM,77 St,8.0,25.285714285714285
7PM-12AM,79 St,5.142857142857143,24.714285714285715
7PM-12AM,8 Av,2.5714285714285716,36.0
7PM-12AM,80 St,1.0,3.4285714285714284
7PM-12AM,81 St - Museum of Natural History,1.7142857142857142,10.0
7PM-12AM,82 St - Jackson Hts,7.0,22.714285714285715
7PM-12AM,85 St - Forest Pkwy,1.0,5.142857142857143
7PM-12AM,86 St,55.142857142857146,203.0
7PM-12AM,88 St,0.8571428571428571,2.0
7PM-12AM,9 Av,5.714285714285714,32.57142857142857
7PM-12AM,90 St - Elmhurst Av,5.714285714285714,19.857142857142858
7PM-12AM,96 St,23.142857142857142,113.42857142857143
7PM-12AM,Alabama Av,1.7142857142857142,4.571428571428571
7PM-12AM,Allerton Av,7.285714285714286,7.0
7PM-12AM,Aqueduct - N Conduit Av,0.2857142857142857,0.2857142857142857
7PM-12AM,Aqueduct Racetrack,0.14285714285714285,0.5714285714285714
7PM-12AM,Astor Pl,6.857142857142857,20.571428571428573
7PM-12AM,Astoria - Ditmars Blvd,1.8571428571428572,12.0
7PM-12AM,Astoria Blvd,0.42857142857142855,4.142857142857143
7PM-12AM,Atlantic Av,0.14285714285714285,4.142857142857143
7PM-12AM,Atlantic Av - Barclays Ctr,22.285714285714285,114.57142857142857
7PM-12AM,Avenue H,0.2857142857142857,5.571428571428571
7PM-12AM,Avenue I,0.2857142857142857,11.571428571428571
7PM-12AM,Avenue J,0.8571428571428571,15.0
7PM-12AM,Avenue M,1.2857142857142858,17.714285714285715
7PM-12AM,Avenue N,0.14285714285714285,4.571428571428571
7PM-12AM,Avenue P,0.8571428571428571,4.0
7PM-12AM,Avenue U,2.142857142857143,20.714285714285715
7PM-12AM,Avenue X,0.0,4.285714285714286
7PM-12AM,Bay 50 St,0.14285714285714285,9.285714285714286
7PM-12AM,Bay Pkwy,3.0,28.714285714285715
7PM-12AM,Bay Ridge - 95 St,1.4285714285714286,5.857142857142857
7PM-12AM,Bay Ridge Av,2.4285714285714284,15.428571428571429
7PM-12AM,Baychester Av,3.5714285714285716,6.571428571428571
7PM-12AM,Beach 105 St,0.0,0.5714285714285714
7PM-12AM,Beach 25 St,0.0,2.0
7PM-12AM,Beach 36 St,0.7142857142857143,2.5714285714285716
7PM-12AM,Beach 44 St,0.14285714285714285,0.8571428571428571
7PM-12AM,Beach 60 St,0.42857142857142855,4.714285714285714
7PM-12AM,Beach 67 St,0.8571428571428571,6.428571428571429
7PM-12AM,Beach 90 St,0.2857142857142857,1.0
7PM-12AM,Beach 98 St,0.14285714285714285,0.14285714285714285
7PM-12AM,Bedford - Nostrand Avs,0.42857142857142855,7.857142857142857
7PM-12AM,Bedford Av,5.285714285714286,23.857142857142858
7PM-12AM,Bedford Park Blvd,4.714285714285714,10.285714285714286
7PM-12AM,Bedford Park Blvd - Lehman College,6.571428571428571,13.857142857142858
7PM-12AM,Bergen St,5.571428571428571,28.714285714285715
7PM-12AM,Beverley Rd,0.42857142857142855,3.5714285714285716
7PM-12AM,Beverly Rd,2.0,6.857142857142857
7PM-12AM,Bowery,1.8571428571428572,4.714285714285714
7PM-12AM,Bowling Green,8.714285714285714,45.714285714285715
7PM-12AM,Briarwood,0.5714285714285714,5.571428571428571
7PM-12AM,Brighton Beach,1.8571428571428572,18.714285714285715
7PM-12AM,Broad St,1.4285714285714286,10.714285714285714
7PM-12AM,Broadway,18.571428571428573,71.57142857142857
7PM-12AM,Broadway Jct,4.428571428571429,14.0
7PM-12AM,Broadway-Lafayette St,19.857142857142858,34.285714285714285
7PM-12AM,Bronx Park East,1.8571428571428572,4.571428571428571
7PM-12AM,Brook Av,1.5714285714285714,15.0
7PM-12AM,Brooklyn Bridge - City Hall,41.42857142857143,34.142857142857146
7PM-12AM,Buhre Av,1.4285714285714286,6.0
7PM-12AM,Burke Av,2.0,7.428571428571429
7PM-12AM,Burnside Av,56.857142857142854,21.857142857142858
7PM-12AM,Bushwick Av - Aberdeen St,0.2857142857142857,2.7142857142857144
7PM-12AM,Canal St,21.857142857142858,75.85714285714286
7PM-12AM,Canarsie - Rockaway Pkwy,2.2857142857142856,21.285714285714285
7PM-12AM,Carroll St,3.142857142857143,15.857142857142858
7PM-12AM,Castle Hill Av,3.2857142857142856,13.571428571428571
7PM-12AM,Cathedral Pkwy (110 St),7.285714285714286,20.428571428571427
7PM-12AM,Central Av,0.42857142857142855,5.285714285714286
7PM-12AM,Central Park North (110 St),3.7142857142857144,20.0
7PM-12AM,Chambers St,303.14285714285717,137.71428571428572
7PM-12AM,Chauncey St,1.1428571428571428,5.857142857142857
7PM-12AM,Christopher St - Sheridan Sq,3.142857142857143,7.285714285714286
7PM-12AM,Church Av,10.571428571428571,45.285714285714285
7PM-12AM,City Hall,6.571428571428571,12.714285714285714
7PM-12AM,Clark St,0.42857142857142855,4.571428571428571
7PM-12AM,Classon Av,1.1428571428571428,4.857142857142857
7PM-12AM,Cleveland St,1.0,7.142857142857143
7PM-12AM,Clinton - Washington Avs,2.7142857142857144,18.428571428571427
7PM-12AM,Coney Island - Stillwell Av,3.4285714285714284,17.857142857142858
7PM-12AM,Cortelyou Rd,0.8571428571428571,10.0
7PM-12AM,Cortlandt St,4.714285714285714,4.0
7PM-12AM,Court Sq,2.2857142857142856,22.857142857142858
7PM-12AM,Court St,28.571428571428573,72.71428571428571
7PM-12AM,Crescent St,1.0,5.0
7PM-12AM,Crown Hts - Utica Av,6.0,38.42857142857143
7PM-12AM,Cypress Av,0.8571428571428571,5.142857142857143
7PM-12AM,Cypress Hills,0.14285714285714285,0.8571428571428571
7PM-12AM,DeKalb Av,8.0,62.57142857142857
7PM-12AM,Delancey St - Essex St,9.571428571428571,56.285714285714285
7PM-12AM,Ditmas Av,0.8571428571428571,8.0
7PM-12AM,Dyckman St,6.142857142857143,31.142857142857142
7PM-12AM,E 105 St,1.0,4.428571428571429
7PM-12AM,E 143 St - St Mary's St,0.0,1.1428571428571428
7PM-12AM,E 149 St,2.2857142857142856,13.428571428571429
7PM-12AM,E 180 St,3.7142857142857144,12.142857142857142
7PM-12AM,East Broadway,3.142857142857143,27.142857142857142
7PM-12AM,Eastchester - Dyre Av,0.5714285714285714,4.428571428571429
7PM-12AM,Eastern Pkwy - Brooklyn Museum,0.42857142857142855,8.285714285714286
7PM-12AM,Elder Av,2.5714285714285716,15.714285714285714
7PM-12AM,Elmhurst Av,2.2857142857142856,9.142857142857142
7PM-12AM,Euclid Av,3.4285714285714284,16.142857142857142
7PM-12AM,Far Rockaway - Mott Av,3.0,8.285714285714286
7PM-12AM,Flatbush Av - Brooklyn College,8.428571428571429,20.428571428571427
7PM-12AM,Flushing - Main St,23.0,81.57142857142857
7PM-12AM,Flushing Av,2.4285714285714284,23.142857142857142
7PM-12AM,Fordham Rd,20.142857142857142,57.42857142857143
7PM-12AM,Forest Av,0.5714285714285714,2.4285714285714284
7PM-12AM,Forest Hills - 71 Av,9.0,38.285714285714285
7PM-12AM,Fort Hamilton Pkwy,1.1428571428571428,31.714285714285715
7PM-12AM,Franklin Av,26.142857142857142,27.285714285714285
7PM-12AM,Franklin St,1.0,3.857142857142857
7PM-12AM,Freeman St,2.857142857142857,11.428571428571429
7PM-12AM,Fresh Pond Rd,1.2857142857142858,4.571428571428571
7PM-12AM,Fulton St,69.0,135.42857142857142
7PM-12AM,Gates Av,1.5714285714285714,11.857142857142858
7PM-12AM,Graham Av,2.0,5.571428571428571
7PM-12AM,Grand Army Plaza,3.4285714285714284,17.142857142857142
7PM-12AM,Grand Av - Newtown,5.0,22.0
7PM-12AM,Grand Central - 42 St,27.285714285714285,71.57142857142857
7PM-12AM,Grand St,8.142857142857142,63.142857142857146
7PM-12AM,Grant Av,2.4285714285714284,6.428571428571429
7PM-12AM,Greenpoint Av,1.5714285714285714,3.4285714285714284
7PM-12AM,Gun Hill Rd,7.0,31.571428571428573
7PM-12AM,Halsey St,2.2857142857142856,13.571428571428571
7PM-12AM,Harlem - 148 St,0.7142857142857143,6.285714285714286
7PM-12AM,Hewes St,0.42857142857142855,5.714285714285714
7PM-12AM,High St,11.0,11.0
7PM-12AM,Houston St,3.0,14.857142857142858
7PM-12AM,Howard Beach - JFK Airport,1.2857142857142858,0.5714285714285714
7PM-12AM,Hoyt - Schermerhorn Sts,4.571428571428571,24.857142857142858
7PM-12AM,Hoyt St,3.7142857142857144,22.571428571428573
7PM-12AM,Hunters Point Av,0.14285714285714285,0.5714285714285714
7PM-12AM,Hunts Point Av,9.428571428571429,28.142857142857142
7PM-12AM,Intervale Av,1.2857142857142858,7.571428571428571
7PM-12AM,Inwood - 207 St,6.857142857142857,7.428571428571429
7PM-12AM,Jackson Av,3.4285714285714284,15.142857142857142
7PM-12AM,Jamaica - 179 St,3.4285714285714284,11.857142857142858
7PM-12AM,Jamaica - Van Wyck,2.2857142857142856,4.285714285714286
7PM-12AM,Jamaica Center - Parsons/Archer,15.285714285714286,57.857142857142854
7PM-12AM,Jay St - MetroTech,53.857142857142854,93.71428571428571
7PM-12AM,Jefferson St,1.1428571428571428,5.0
7PM-12AM,Junction Blvd,6.714285714285714,24.285714285714285
7PM-12AM,Junius St,0.7142857142857143,10.0
7PM-12AM,Kew Gardens - Union Tpke,5.142857142857143,16.142857142857142
7PM-12AM,Kings Hwy,4.285714285714286,51.42857142857143
7PM-12AM,Kingsbridge Rd,15.571428571428571,56.714285714285715
7PM-12AM,Kingston - Throop Avs,1.5714285714285714,16.285714285714285
7PM-12AM,Kingston Av,0.2857142857142857,7.285714285714286
7PM-12AM,Knickerbocker Av,1.1428571428571428,6.0
7PM-12AM,Kosciuszko St,1.2857142857142858,9.285714285714286
7PM-12AM,Lafayette Av,2.0,14.714285714285714
7PM-12AM,Lexington Av/53 St,14.571428571428571,32.0
7PM-12AM,Lexington Av/63 St,32.857142857142854,73.14285714285714
7PM-12AM,Liberty Av,0.7142857142857143,7.714285714285714
7PM-12AM,Livonia Av,1.7142857142857142,13.428571428571429
7PM-12AM,Longwood Av,0.14285714285714285,3.7142857142857144
7PM-12AM,Lorimer St,5.0,26.142857142857142
7PM-12AM,Marble Hill - 225 St,3.2857142857142856,13.142857142857142
7PM-12AM,Marcy Av,5.285714285714286,26.142857142857142
7PM-12AM,Mets - Willets Point,0.8571428571428571,5.571428571428571
7PM-12AM,Middle Village - Metropolitan Av,2.142857142857143,9.285714285714286
7PM-12AM,Middletown Rd,0.5714285714285714,2.0
7PM-12AM,Montrose Av,1.4285714285714286,8.142857142857142
7PM-12AM,Morgan Av,0.8571428571428571,4.0
7PM-12AM,Morris Park,0.14285714285714285,1.7142857142857142
7PM-12AM,Morrison Av- Sound View,1.1428571428571428,8.857142857142858
7PM-12AM,Mosholu Pkwy,4.857142857142857,19.142857142857142
7PM-12AM,Mt Eden Av,3.0,11.285714285714286
7PM-12AM,Myrtle - Willoughby Avs,0.7142857142857143,4.857142857142857
7PM-12AM,Myrtle - Wyckoff Avs,4.857142857142857,33.285714285714285
7PM-12AM,Myrtle Av,3.857142857142857,12.857142857142858
7PM-12AM,Nassau Av,1.0,14.857142857142858
7PM-12AM,Neck Rd,0.2857142857142857,5.142857142857143
7PM-12AM,Neptune Av,0.0,1.2857142857142858
7PM-12AM,Nereid Av,1.7142857142857142,3.4285714285714284
7PM-12AM,Nevins St,4.857142857142857,26.0
7PM-12AM,New Lots Av,2.0,19.571428571428573
7PM-12AM,New Utrecht Av,0.42857142857142855,13.714285714285714
7PM-12AM,Newkirk Av,3.0,11.857142857142858
7PM-12AM,Newkirk Plaza,1.8571428571428572,12.142857142857142
7PM-12AM,Northern Blvd,2.142857142857143,4.857142857142857
7PM-12AM,Norwood - 205 St,4.714285714285714,9.571428571428571
7PM-12AM,Norwood Av,1.7142857142857142,6.571428571428571
7PM-12AM,Nostrand Av,8.0,38.285714285714285
7PM-12AM,Ocean Pkwy,0.14285714285714285,11.285714285714286
7PM-12AM,Ozone Park - Lefferts Blvd,1.0,2.4285714285714284
7PM-12AM,Park Pl,0.14285714285714285,2.4285714285714284
7PM-12AM,Parkchester,8.428571428571429,19.428571428571427
7PM-12AM,Parkside Av,0.5714285714285714,6.571428571428571
7PM-12AM,Parsons Blvd,2.142857142857143,7.857142857142857
7PM-12AM,Pelham Bay Park,4.714285714285714,12.571428571428571
7PM-12AM,Pelham Pkwy,15.428571428571429,36.57142857142857
7PM-12AM,Pennsylvania Av,1.8571428571428572,13.142857142857142
7PM-12AM,President St,7.0,3.857142857142857
7PM-12AM,Prince St,4.0,8.714285714285714
7PM-12AM,Prospect Av,5.571428571428571,20.428571428571427
7PM-12AM,Prospect Park,2.857142857142857,7.0
7PM-12AM,Queens Plaza,2.2857142857142856,19.571428571428573
7PM-12AM,Queensboro Plaza,2.4285714285714284,12.428571428571429
7PM-12AM,Ralph Av,1.8571428571428572,9.571428571428571
7PM-12AM,Rector St,1.0,14.857142857142858
7PM-12AM,Rockaway Av,3.5714285714285716,22.571428571428573
7PM-12AM,Rockaway Blvd,2.4285714285714284,15.714285714285714
7PM-12AM,Rockaway Park - Beach 116 St,0.0,1.0
7PM-12AM,Roosevelt Island,1.0,10.714285714285714
7PM-12AM,SIR,5.571428571428571,18.857142857142858
7PM-12AM,Saratoga Av,1.1428571428571428,9.857142857142858
7PM-12AM,Seneca Av,1.1428571428571428,2.7142857142857144
7PM-12AM,Sheepshead Bay,1.2857142857142858,19.142857142857142
7PM-12AM,Shepherd Av,0.8571428571428571,6.714285714285714
7PM-12AM,Simpson St,6.857142857142857,26.142857142857142
7PM-12AM,Smith - 9 Sts,0.7142857142857143,14.571428571428571
7PM-12AM,South Ferry,8.142857142857142,19.142857142857142
7PM-12AM,Spring St,6.857142857142857,21.571428571428573
7PM-12AM,St Lawrence Av,0.5714285714285714,5.428571428571429
7PM-12AM,Steinway St,7.857142857142857,28.285714285714285
7PM-12AM,Sterling St,0.8571428571428571,5.571428571428571
7PM-12AM,Sutphin Blvd,0.5714285714285714,5.142857142857143
7PM-12AM,Sutphin Blvd - Archer Av - JFK Airport,8.714285714285714,20.857142857142858
7PM-12AM,Sutter Av,1.8571428571428572,9.428571428571429
7PM-12AM,Sutter Av - Rutland Rd,2.4285714285714284,12.857142857142858
7PM-12AM,Times Sq - 42 St,119.0,243.28571428571428
7PM-12AM,Tremont Av,5.285714285714286,14.714285714285714
7PM-12AM,Union St,2.5714285714285716,13.285714285714286
7PM-12AM,Utica Av,4.571428571428571,48.714285714285715
7PM-12AM,Van Cortlandt Park - 242 St,0.7142857142857143,5.0
7PM-12AM,Van Siclen Av,4.285714285714286,15.857142857142858
7PM-12AM,Vernon Blvd - Jackson Av,1.2857142857142858,10.857142857142858
7PM-12AM,W 4 St - Wash Sq,16.285714285714285,35.57142857142857
7PM-12AM,W 8 St - NY Aquarium,0.2857142857142857,3.5714285714285716
7PM-12AM,Wakefield - 241 St,2.0,7.0
7PM-12AM,Wall St,7.714285714285714,29.571428571428573
7PM-12AM,West Farms Sq - E Tremont Av,5.285714285714286,16.571428571428573
7PM-12AM,Westchester Sq - E Tremont Av,3.2857142857142856,21.0
7PM-12AM,Whitlock Av,0.2857142857142857,3.142857142857143
7PM-12AM,Wilson Av,0.7142857142857143,4.428571428571429
7PM-12AM,Winthrop St,1.5714285714285714,7.857142857142857
7PM-12AM,Woodhaven Blvd,21.285714285714285,70.28571428571429
7PM-12AM,Woodlawn,3.5714285714285716,8.428571428571429
7PM-12AM,Woodside - 61 St,4.571428571428571,16.428571428571427
7PM-12AM,York St,6.428571428571429,12.285714285714286
7PM-12AM,Zerega Av,1.7142857142857142,4.142857142857143
9AM-4PM,1 Av,6.0,789.2857142857143
9AM-4PM,103 St,30.714285714285715,733.8571428571429
9AM-4PM,103 St - Corona Plaza,30.0,229.28571428571428
9AM-4PM,104 St,14.714285714285714,136.42857142857142
9AM-4PM,110 St,19.0,271.14285714285717
9AM-4PM,111 St,37.857142857142854,234.42857142857142
9AM-4PM,116 St,56.857142857142854,956.8571428571429
9AM-4PM,116 St - Columbia University,6.285714285714286,182.71428571428572
9AM-4PM,121 St,5.142857142857143,29.571428571428573
9AM-4PM,125 St,113.0,1203.857142857143
9AM-4PM,135 St,29.0,606.5714285714286
9AM-4PM,137 St - City College,23.857142857142858,254.14285714285714
9AM-4PM,138 St - Grand Concourse,5.714285714285714,18.285714285714285
9AM-4PM,14 St,25.714285714285715,1590.4285714285713
9AM-4PM,14 St - Union Sq,51.42857142857143,1874.2857142857142
9AM-4PM,145 St,56.142857142857146,444.42857142857144
9AM-4PM,149 St - Grand Concourse,227.71428571428572,502.2857142857143
9AM-4PM,15 St - Prospect Park,2.2857142857142856,105.0
9AM-4PM,155 St,13.857142857142858,102.0
9AM-4PM,157 St,14.142857142857142,100.57142857142857
9AM-4PM,161 St - Yankee Stadium,75.85714285714286,500.0
9AM-4PM,163 St - Amsterdam Av,7.857142857142857,53.142857142857146
9AM-4PM,167 St,85.28571428571429,274.57142857142856
9AM-4PM,168 St,29.428571428571427,208.42857142857142
9AM-4PM,169 St,25.285714285714285,426.85714285714283
9AM-4PM,170 St,58.57142857142857,422.0
9AM-4PM,174 St,31.571428571428573,249.42857142857142
9AM-4PM,174-175 Sts,17.714285714285715,74.28571428571429
9AM-4PM,175 St,20.142857142857142,71.85714285714286
9AM-4PM,176 St,27.571428571428573,158.85714285714286
9AM-4PM,18 Av,17.428571428571427,295.7142857142857
9AM-4PM,18 St,4.0,225.0
9AM-4PM,181 St,46.42857142857143,296.42857142857144
9AM-4PM,182-183 Sts,23.285714285714285,102.14285714285714
9AM-4PM,183 St,33.57142857142857,88.28571428571429
9AM-4PM,190 St,4.428571428571429,83.85714285714286
9AM-4PM,191 St,1.1428571428571428,27.142857142857142
9AM-4PM,2 Av,6.142857142857143,295.2857142857143
9AM-4PM,20 Av,11.0,270.7142857142857
9AM-4PM,207 St,15.857142857142858,131.0
9AM-4PM,21 St,0.5714285714285714,11.0
9AM-4PM,21 St - Queensbridge,10.0,201.14285714285714
9AM-4PM,215 St,3.4285714285714284,12.571428571428571
9AM-4PM,219 St,10.857142857142858,76.71428571428571
9AM-4PM,225 St,19.571428571428573,116.85714285714286
9AM-4PM,23 St,45.857142857142854,1634.142857142857
9AM-4PM,231 St,19.857142857142858,148.28571428571428
9AM-4PM,233 St,16.428571428571427,72.71428571428571
9AM-4PM,238 St,8.428571428571429,52.57142857142857
9AM-4PM,25 Av,5.857142857142857,246.14285714285714
9AM-4PM,25 St,5.0,35.714285714285715
9AM-4PM,28 St,16.0,196.71428571428572
9AM-4PM,3 Av,2.4285714285714284,121.28571428571429
9AM-4PM,3 Av - 138 St,22.571428571428573,156.57142857142858
9AM-4PM,3 Av - 149 St,82.0,638.1428571428571
9AM-4PM,30 Av,7.428571428571429,159.71428571428572
9AM-4PM,33 St,9.714285714285714,274.42857142857144
9AM-4PM,33 St - Rawson St,7.571428571428571,968.4285714285714
9AM-4PM,34 St - Herald Sq,45.57142857142857,358.0
9AM-4PM,34 St - Hudson Yds,3.142857142857143,39.142857142857146
9AM-4PM,34 St - Penn Station,86.0,441.14285714285717
9AM-4PM,36 Av,6.571428571428571,217.42857142857142
9AM-4PM,36 St,17.714285714285715,404.0
9AM-4PM,40 St - Lowery St,4.857142857142857,294.0
9AM-4PM,45 St,13.0,106.85714285714286
9AM-4PM,46 St,4.571428571428571,162.85714285714286
9AM-4PM,46 St - Bliss St,12.142857142857142,189.57142857142858
9AM-4PM,47-50 Sts - Rockefeller Ctr,11.857142857142858,187.14285714285714
9AM-4PM,49 St,4.285714285714286,160.85714285714286
9AM-4PM,5 Av/53 St,6.285714285714286,40.57142857142857
9AM-4PM,5 Av/59 St,5.142857142857143,30.428571428571427
9AM-4PM,50 St,21.285714285714285,1281.857142857143
9AM-4PM,52 St,4.0,47.285714285714285
9AM-4PM,53 St,17.714285714285715,123.42857142857143
9AM-4PM,55 St,2.7142857142857144,34.0
9AM-4PM,57 St,2.857142857142857,26.714285714285715
9AM-4PM,57 St - 7 Av,23.571428571428573,180.57142857142858
9AM-4PM,59 St,15.857142857142858,154.14285714285714
9AM-4PM,59 St - Columbus Circle,169.42857142857142,1050.5714285714287
9AM-4PM,63 Dr - Rego Park,14.428571428571429,143.71428571428572
9AM-4PM,65 St,2.4285714285714284,23.142857142857142
9AM-4PM,66 St - Lincoln Center,8.428571428571429,969.7142857142857
9AM-4PM,67 Av,3.7142857142857144,368.42857142857144
9AM-4PM,68 St - Hunter College,10.714285714285714,484.2857142857143
9AM-4PM,69 St,7.142857142857143,48.42857142857143
9AM-4PM,7 Av,11.571428571428571,843.0
9AM-4PM,71 St,6.142857142857143,72.14285714285714
9AM-4PM,72 St,16.428571428571427,908.0
9AM-4PM,75 Av,1.2857142857142858,11.142857142857142
9AM-4PM,75 St - Elder Ln,5.142857142857143,264.14285714285717
9AM-4PM,77 St,16.142857142857142,424.14285714285717
9AM-4PM,79 St,13.0,472.42857142857144
9AM-4PM,8 Av,14.714285714285714,114.42857142857143
9AM-4PM,80 St,11.857142857142858,45.57142857142857
9AM-4PM,81 St - Museum of Natural History,4.0,177.71428571428572
9AM-4PM,82 St - Jackson Hts,22.428571428571427,186.0
9AM-4PM,85 St - Forest Pkwy,10.285714285714286,35.285714285714285
9AM-4PM,86 St,76.14285714285714,1897.142857142857
9AM-4PM,88 St,6.571428571428571,26.571428571428573
9AM-4PM,9 Av,14.571428571428571,309.2857142857143
9AM-4PM,90 St - Elmhurst Av,21.428571428571427,141.57142857142858
9AM-4PM,96 St,44.57142857142857,1555.142857142857
9AM-4PM,Alabama Av,2.4285714285714284,46.285714285714285
9AM-4PM,Allerton Av,18.428571428571427,94.57142857142857
9AM-4PM,Aqueduct - N Conduit Av,1.8571428571428572,2.4285714285714284
9AM-4PM,Aqueduct Racetrack,0.7142857142857143,2.0
9AM-4PM,Astor Pl,5.428571428571429,226.71428571428572
9AM-4PM,Astoria - Ditmars Blvd,5.714285714285714,263.0
9AM-4PM,Astoria Blvd,4.857142857142857,39.714285714285715
9AM-4PM,Atlantic Av,1.5714285714285714,33.0
9AM-4PM,Atlantic Av - Barclays Ctr,39.714285714285715,1638.7142857142858
9AM-4PM,Avenue H,2.857142857142857,141.57142857142858
9AM-4PM,Avenue I,1.2857142857142858,123.0
9AM-4PM,Avenue J,4.714285714285714,245.42857142857142
9AM-4PM,Avenue M,3.4285714285714284,481.2857142857143
9AM-4PM,Avenue N,2.2857142857142856,71.57142857142857
9AM-4PM,Avenue P,2.2857142857142856,21.285714285714285
9AM-4PM,Avenue U,8.142857142857142,274.85714285714283
9AM-4PM,Avenue X,2.857142857142857,48.714285714285715
9AM-4PM,Bay 50 St,3.4285714285714284,111.0
9AM-4PM,Bay Pkwy,17.714285714285715,368.2857142857143
9AM-4PM,Bay Ridge - 95 St,4.428571428571429,64.85714285714286
9AM-4PM,Bay Ridge Av,13.0,427.0
9AM-4PM,Baychester Av,14.571428571428571,252.71428571428572
9AM-4PM,Beach 105 St,0.0,29.142857142857142
9AM-4PM,Beach 25 St,4.0,85.71428571428571
9AM-4PM,Beach 36 St,1.4285714285714286,10.0
9AM-4PM,Beach 44 St,0.5714285714285714,9.857142857142858
9AM-4PM,Beach 60 St,7.857142857142857,35.42857142857143
9AM-4PM,Beach 67 St,4.285714285714286,22.0
9AM-4PM,Beach 90 St,4.142857142857143,10.285714285714286
9AM-4PM,Beach 98 St,1.7142857142857142,69.42857142857143
9AM-4PM,Bedford - Nostrand Avs,6.571428571428571,67.42857142857143
9AM-4PM,Bedford Av,5.0,326.42857142857144
9AM-4PM,Bedford Park Blvd,22.714285714285715,257.2857142857143
9AM-4PM,Bedford Park Blvd - Lehman College,29.714285714285715,502.14285714285717
9AM-4PM,Bergen St,5.714285714285714,397.2857142857143
9AM-4PM,Beverley Rd,5.571428571428571,31.285714285714285
9AM-4PM,Beverly Rd,13.285714285714286,49.714285714285715
9AM-4PM,Bowery,1.1428571428571428,57.285714285714285
9AM-4PM,Bowling Green,19.714285714285715,335.85714285714283
9AM-4PM,Briarwood,6.285714285714286,269.2857142857143
9AM-4PM,Brighton Beach,7.857142857142857,285.7142857142857
9AM-4PM,Broad Channel,0.0,2.4285714285714284
9AM-4PM,Broad St,3.142857142857143,150.14285714285714
9AM-4PM,Broadway,65.85714285714286,810.8571428571429
9AM-4PM,Broadway Jct,14.142857142857142,107.28571428571429
9AM-4PM,Broadway-Lafayette St,21.571428571428573,156.14285714285714
9AM-4PM,Bronx Park East,9.571428571428571,77.0
9AM-4PM,Brook Av,9.285714285714286,138.57142857142858
9AM-4PM,Brooklyn Bridge - City Hall,78.57142857142857,404.2857142857143
9AM-4PM,Buhre Av,7.285714285714286,37.857142857142854
9AM-4PM,Burke Av,13.428571428571429,46.42857142857143
9AM-4PM,Burnside Av,199.71428571428572,208.57142857142858
9AM-4PM,Bushwick Av - Aberdeen St,2.857142857142857,23.571428571428573
9AM-4PM,Canal St,27.571428571428573,368.2857142857143
9AM-4PM,Canarsie - Rockaway Pkwy,16.0,247.85714285714286
9AM-4PM,Carroll St,5.428571428571429,223.57142857142858
9AM-4PM,Castle Hill Av,18.714285714285715,147.57142857142858
9AM-4PM,Cathedral Pkwy (110 St),9.428571428571429,294.7142857142857
9AM-4PM,Central Av,3.4285714285714284,59.57142857142857
9AM-4PM,Central Park North (110 St),14.428571428571429,186.71428571428572
9AM-4PM,Chambers St,754.2857142857143,1345.142857142857
9AM-4PM,Chauncey St,4.714285714285714,34.42857142857143
9AM-4PM,Christopher St - Sheridan Sq,1.7142857142857142,80.0
9AM-4PM,Church Av,57.285714285714285,438.7142857142857
9AM-4PM,City Hall,21.0,83.85714285714286
9AM-4PM,Clark St,1.8571428571428572,15.285714285714286
9AM-4PM,Classon Av,5.0,88.0
9AM-4PM,Cleveland St,8.285714285714286,54.42857142857143
9AM-4PM,Clinton - Washington Avs,6.571428571428571,185.42857142857142
9AM-4PM,Coney Island - Stillwell Av,7.0,204.57142857142858
9AM-4PM,Cortelyou Rd,7.0,78.14285714285714
9AM-4PM,Cortlandt St,10.714285714285714,33.714285714285715
9AM-4PM,Court Sq,10.857142857142858,566.5714285714286
9AM-4PM,Court St,65.57142857142857,549.7142857142857
9AM-4PM,Crescent St,8.857142857142858,63.285714285714285
9AM-4PM,Crown Hts - Utica Av,58.285714285714285,288.2857142857143
9AM-4PM,Cypress Av,7.142857142857143,46.57142857142857
9AM-4PM,Cypress Hills,3.142857142857143,32.857142857142854
9AM-4PM,DeKalb Av,21.857142857142858,1125.4285714285713
9AM-4PM,Delancey St - Essex St,19.285714285714285,854.1428571428571
9AM-4PM,Ditmas Av,6.285714285714286,115.28571428571429
9AM-4PM,Dyckman St,29.714285714285715,270.42857142857144
9AM-4PM,E 105 St,9.285714285714286,37.0
9AM-4PM,E 143 St - St Mary's St,1.1428571428571428,65.28571428571429
9AM-4PM,E 149 St,8.428571428571429,160.85714285714286
9AM-4PM,E 180 St,20.428571428571427,123.0
9AM-4PM,East Broadway,9.428571428571429,235.14285714285714
9AM-4PM,Eastchester - Dyre Av,9.714285714285714,37.57142857142857
9AM-4PM,Eastern Pkwy - Brooklyn Museum,4.285714285714286,60.0
9AM-4PM,Elder Av,14.857142857142858,201.14285714285714
9AM-4PM,Elmhurst Av,13.714285714285714,98.57142857142857
9AM-4PM,Euclid Av,33.285714285714285,213.85714285714286
9AM-4PM,Far Rockaway - Mott Av,8.142857142857142,63.142857142857146
9AM-4PM,Flatbush Av - Brooklyn College,45.42857142857143,450.85714285714283
9AM-4PM,Flushing - Main St,87.28571428571429,1045.4285714285713
9AM-4PM,Flushing Av,16.571428571428573,184.85714285714286
9AM-4PM,Fordham Rd,75.42857142857143,393.14285714285717
9AM-4PM,Forest Av,5.285714285714286,69.0
9AM-4PM,Forest Hills - 71 Av,22.142857142857142,428.42857142857144
9AM-4PM,Fort Hamilton Pkwy,23.142857142857142,362.42857142857144
9AM-4PM,Franklin Av,90.57142857142857,819.2857142857143
9AM-4PM,Franklin St,2.2857142857142856,13.0
9AM-4PM,Freeman St,17.285714285714285,135.85714285714286
9AM-4PM,Fresh Pond Rd,7.142857142857143,39.142857142857146
9AM-4PM,Fulton St,136.0,1377.4285714285713
9AM-4PM,Gates Av,7.0,144.28571428571428
9AM-4PM,Graham Av,3.4285714285714284,90.14285714285714
9AM-4PM,Grand Army Plaza,3.2857142857142856,165.71428571428572
9AM-4PM,Grand Av - Newtown,18.428571428571427,361.7142857142857
9AM-4PM,Grand Central - 42 St,36.42857142857143,257.0
9AM-4PM,Grand St,10.142857142857142,777.4285714285714
9AM-4PM,Grant Av,14.714285714285714,70.28571428571429
9AM-4PM,Greenpoint Av,2.2857142857142856,31.714285714285715
9AM-4PM,Gun Hill Rd,32.57142857142857,393.85714285714283
9AM-4PM,Halsey St,15.285714285714286,121.0
9AM-4PM,Harlem - 148 St,5.714285714285714,105.71428571428571
9AM-4PM,Hewes St,2.2857142857142856,64.0
9AM-4PM,High St,23.428571428571427,67.42857142857143
9AM-4PM,Houston St,4.142857142857143,230.42857142857142
9AM-4PM,Howard Beach - JFK Airport,0.2857142857142857,3.2857142857142856
9AM-4PM,Hoyt - Schermerhorn Sts,9.714285714285714,173.71428571428572
9AM-4PM,Hoyt St,7.571428571428571,206.57142857142858
9AM-4PM,Hunters Point Av,1.5714285714285714,13.142857142857142
9AM-4PM,Hunts Point Av,27.714285714285715,299.14285714285717
9AM-4PM,Intervale Av,8.142857142857142,149.14285714285714
9AM-4PM,Inwood - 207 St,18.285714285714285,86.85714285714286
9AM-4PM,Jackson Av,24.571428571428573,224.42857142857142
9AM-4PM,Jamaica - 179 St,36.142857142857146,280.85714285714283
9AM-4PM,Jamaica - Van Wyck,6.857142857142857,47.42857142857143
9AM-4PM,Jamaica Center - Parsons/Archer,85.14285714285714,685.5714285714286
9AM-4PM,Jay St - MetroTech,157.14285714285714,1021.8571428571429
9AM-4PM,Jefferson St,5.571428571428571,51.142857142857146
9AM-4PM,Junction Blvd,35.0,264.57142857142856
9AM-4PM,Junius St,8.857142857142858,85.28571428571429
9AM-4PM,Kew Gardens - Union Tpke,21.714285714285715,235.14285714285714
9AM-4PM,Kings Hwy,25.714285714285715,733.5714285714286
9AM-4PM,Kingsbridge Rd,66.71428571428571,586.5714285714286
9AM-4PM,Kingston - Throop Avs,6.714285714285714,161.0
9AM-4PM,Kingston Av,4.857142857142857,97.14285714285714
9AM-4PM,Knickerbocker Av,7.0,109.57142857142857
9AM-4PM,Kosciuszko St,5.285714285714286,103.14285714285714
9AM-4PM,Lafayette Av,4.428571428571429,245.85714285714286
9AM-4PM,Lexington Av/53 St,10.0,484.85714285714283
9AM-4PM,Lexington Av/63 St,26.714285714285715,762.7142857142857
9AM-4PM,Liberty Av,4.428571428571429,136.71428571428572
9AM-4PM,Livonia Av,3.4285714285714284,82.0
9AM-4PM,Longwood Av,3.5714285714285716,53.714285714285715
9AM-4PM,Lorimer St,8.285714285714286,373.14285714285717
9AM-4PM,Marble Hill - 225 St,13.142857142857142,150.57142857142858
9AM-4PM,Marcy Av,10.285714285714286,180.85714285714286
9AM-4PM,Mets - Willets Point,0.7142857142857143,16.571428571428573
9AM-4PM,Middle Village - Metropolitan Av,4.428571428571429,160.28571428571428
9AM-4PM,Middletown Rd,4.0,73.14285714285714
9AM-4PM,Montrose Av,4.428571428571429,168.85714285714286
9AM-4PM,Morgan Av,3.2857142857142856,93.42857142857143
9AM-4PM,Morris Park,3.7142857142857144,28.571428571428573
9AM-4PM,Morrison Av- Sound View,18.285714285714285,118.57142857142857
9AM-4PM,Mosholu Pkwy,35.0,306.14285714285717
9AM-4PM,Mt Eden Av,17.285714285714285,92.42857142857143
9AM-4PM,Myrtle - Willoughby Avs,5.428571428571429,63.714285714285715
9AM-4PM,Myrtle - Wyckoff Avs,22.0,349.7142857142857
9AM-4PM,Myrtle Av,14.428571428571429,94.57142857142857
9AM-4PM,Nassau Av,3.142857142857143,81.71428571428571
9AM-4PM,Neck Rd,2.7142857142857144,42.142857142857146
9AM-4PM,Neptune Av,0.8571428571428571,121.85714285714286
9AM-4PM,Nereid Av,9.428571428571429,64.0
9AM-4PM,Nevins St,10.857142857142858,280.85714285714283
9AM-4PM,New Lots Av,18.857142857142858,170.71428571428572
9AM-4PM,New Utrecht Av,4.285714285714286,203.85714285714286
9AM-4PM,Newkirk Av,20.857142857142858,104.42857142857143
9AM-4PM,Newkirk Plaza,11.285714285714286,119.0
9AM-4PM,Northern Blvd,5.285714285714286,76.71428571428571
9AM-4PM,Norwood - 205 St,28.857142857142858,124.57142857142857
9AM-4PM,Norwood Av,5.428571428571429,59.142857142857146
9AM-4PM,Nostrand Av,31.285714285714285,369.85714285714283
9AM-4PM,Ocean Pkwy,2.4285714285714284,153.71428571428572
9AM-4PM,Ozone Park - Lefferts Blvd,16.857142857142858,63.57142857142857
9AM-4PM,Park Pl,1.4285714285714286,36.42857142857143
9AM-4PM,Parkchester,42.285714285714285,238.57142857142858
9AM-4PM,Parkside Av,4.285714285714286,41.285714285714285
9AM-4PM,Parsons Blvd,14.142857142857142,467.57142857142856
9AM-4PM,Pelham Bay Park,14.714285714285714,140.57142857142858
9AM-4PM,Pelham Pkwy,51.714285714285715,380.85714285714283
9AM-4PM,Pennsylvania Av,13.571428571428571,166.0
9AM-4PM,President St,29.714285714285715,183.0
9AM-4PM,Prince St,6.428571428571429,34.57142857142857
9AM-4PM,Prospect Av,29.0,410.57142857142856
9AM-4PM,Prospect Park,12.714285714285714,100.85714285714286
9AM-4PM,Queens Plaza,4.571428571428571,432.42857142857144
9AM-4PM,Queensboro Plaza,6.0,573.1428571428571
9AM-4PM,Ralph Av,11.571428571428571,79.42857142857143
9AM-4PM,Rector St,3.857142857142857,163.42857142857142
9AM-4PM,Rockaway Av,23.142857142857142,259.0
9AM-4PM,Rockaway Blvd,21.142857142857142,223.57142857142858
9AM-4PM,Rockaway Park - Beach 116 St,0.8571428571428571,3.4285714285714284
9AM-4PM,Roosevelt Island,3.142857142857143,49.857142857142854
9AM-4PM,SIR,11.428571428571429,1437.2142857142858
9AM-4PM,Saratoga Av,16.285714285714285,89.57142857142857
9AM-4PM,Seneca Av,4.285714285714286,20.571428571428573
9AM-4PM,Sheepshead Bay,7.428571428571429,209.28571428571428
9AM-4PM,Shepherd Av,7.714285714285714,61.0
9AM-4PM,Simpson St,46.42857142857143,205.57142857142858
9AM-4PM,Smith - 9 Sts,2.7142857142857144,114.14285714285714
9AM-4PM,South Ferry,44.42857142857143,294.57142857142856
9AM-4PM,Spring St,8.714285714285714,325.0
9AM-4PM,St Lawrence Av,12.285714285714286,52.42857142857143
9AM-4PM,Steinway St,10.0,322.2857142857143
9AM-4PM,Sterling St,5.714285714285714,80.71428571428571
9AM-4PM,Sutphin Blvd,7.285714285714286,77.0
9AM-4PM,Sutphin Blvd - Archer Av - JFK Airport,30.0,222.14285714285714
9AM-4PM,Sutter Av,7.0,90.28571428571429
9AM-4PM,Sutter Av - Rutland Rd,19.285714285714285,157.28571428571428
9AM-4PM,Times Sq - 42 St,91.0,1431.7142857142858
9AM-4PM,Tremont Av,34.857142857142854,149.0
9AM-4PM,Union St,3.142857142857143,41.714285714285715
9AM-4PM,Utica Av,21.714285714285715,241.85714285714286
9AM-4PM,Van Cortlandt Park - 242 St,10.142857142857142,73.85714285714286
9AM-4PM,Van Siclen Av,23.714285714285715,177.57142857142858
9AM-4PM,Vernon Blvd - Jackson Av,2.4285714285714284,230.57142857142858
9AM-4PM,W 4 St - Wash Sq,11.714285714285714,245.14285714285714
9AM-4PM,W 8 St - NY Aquarium,1.1428571428571428,46.57142857142857
9AM-4PM,Wakefield - 241 St,10.285714285714286,41.714285714285715
9AM-4PM,Wall St,11.571428571428571,208.85714285714286
9AM-4PM,West Farms Sq - E Tremont Av,28.0,192.71428571428572
9AM-4PM,Westchester Sq - E Tremont Av,14.142857142857142,239.57142857142858
9AM-4PM,Whitlock Av,4.571428571428571,62.57142857142857
9AM-4PM,Wilson Av,2.2857142857142856,47.714285714285715
9AM-4PM,Winthrop St,9.714285714285714,157.85714285714286
9AM-4PM,Woodhaven Blvd,44.285714285714285,469.42857142857144
9AM-4PM,Woodlawn,25.428571428571427,47.714285714285715
9AM-4PM,Woodside - 61 St,18.285714285714285,124.85714285714286
9AM-4PM,York St,9.571428571428571,50.857142857142854
9AM-4PM,Zerega Av,6.0,38.0
