,ST_YEAR,ST_MONTH,GEOID,Unnamed: 0_x,membership_type,geometry_x,index_right_x,area_x,Unnamed: 0_y,driver,geometry_y,index_right_y,area_y,observed,simulated
0,2014,3,4.8453E+11,26.9047619,26.9047619,26.9047619,26.9047619,26.9047619,19,19,19,19,19,26.9047619,95
1,2014,3,4.8453E+11,52.42857143,52.42857143,52.42857143,52.42857143,52.42857143,136,136,136,136,136,52.42857143,680
2,2014,3,4.8453E+11,8.631578947,8.631578947,8.631578947,8.631578947,8.631578947,10,10,10,10,10,8.631578947,50
3,2014,3,4.8453E+11,11.66666667,11.66666667,11.66666667,11.66666667,11.66666667,8,8,8,8,8,11.66666667,40
4,2014,3,4.8453E+11,70.85714286,70.85714286,70.85714286,70.85714286,70.85714286,23,23,23,23,23,70.85714286,115
5,2014,3,4.8453E+11,354.3809524,354.3809524,354.3809524,354.3809524,354.3809524,445,445,445,445,445,354.3809524,2225
6,2014,3,4.8453E+11,43.52380952,43.52380952,43.52380952,43.52380952,43.52380952,30,30,30,30,30,43.52380952,150
7,2014,3,4.8453E+11,55.14285714,55.14285714,55.14285714,55.14285714,55.14285714,94,94,94,94,94,55.14285714,470
8,2014,3,4.8453E+11,20.4,20.4,20.4,20.4,20.4,14,14,14,14,14,20.4,70
9,2014,3,4.8453E+11,62,62,62,62,62,30,30,30,30,30,62,150
10,2014,3,4.8453E+11,40.76190476,40.76190476,40.76190476,40.76190476,40.76190476,20,20,20,20,20,40.76190476,100
11,2014,3,4.8453E+11,20.65,20.65,20.65,20.65,20.65,29,29,29,29,29,20.65,145
12,2014,3,4.8453E+11,22.28571429,22.28571429,22.28571429,22.28571429,22.28571429,31,31,31,31,31,22.28571429,155
13,,,4.8022E+11,,,,0,,7,7,7,7,7,0,35
14,,,4.8022E+11,,,,0,,6,6,6,6,6,0,30
15,,,4.8022E+11,,,,0,,4,4,4,4,4,0,20
16,,,4.8022E+11,,,,0,,3,3,3,3,3,0,15
17,,,4.8022E+11,,,,0,,4,4,4,4,4,0,20
18,,,4.8022E+11,,,,0,,3,3,3,3,3,0,15
19,,,4.8022E+11,,,,0,,4,4,4,4,4,0,20
20,,,4.8022E+11,,,,0,,5,5,5,5,5,0,25
21,,,4.8022E+11,,,,0,,3,3,3,3,3,0,15
22,,,4.8022E+11,,,,0,,5,5,5,5,5,0,25
23,,,4.8022E+11,,,,0,,13,13,13,13,13,0,65
24,,,4.8022E+11,,,,0,,8,8,8,8,8,0,40
25,,,4.8022E+11,,,,0,,8,8,8,8,8,0,40
26,,,4.8022E+11,,,,0,,10,10,10,10,10,0,50
27,,,4.8022E+11,,,,0,,13,13,13,13,13,0,65
28,,,4.8022E+11,,,,0,,15,15,15,15,15,0,75
29,,,4.8022E+11,,,,0,,7,7,7,7,7,0,35
30,,,4.8022E+11,,,,0,,5,5,5,5,5,0,25
31,,,4.8022E+11,,,,0,,11,11,11,11,11,0,55
32,,,4.8022E+11,,,,0,,4,4,4,4,4,0,20
33,,,4.8022E+11,,,,0,,2,2,2,2,2,0,10
34,,,4.8022E+11,,,,0,,15,15,15,15,15,0,75
35,,,4.8022E+11,,,,0,,5,5,5,5,5,0,25
36,,,4.8022E+11,,,,0,,3,3,3,3,3,0,15
37,,,4.8022E+11,,,,0,,3,3,3,3,3,0,15
38,,,4.8022E+11,,,,0,,7,7,7,7,7,0,35
39,,,4.8022E+11,,,,0,,11,11,11,11,11,0,55
40,,,4.8022E+11,,,,0,,17,17,17,17,17,0,85
41,,,4.8022E+11,,,,0,,1,1,1,1,1,0,5
42,,,4.8022E+11,,,,0,,2,2,2,2,2,0,10
43,,,4.8022E+11,,,,0,,19,19,19,19,19,0,95
44,,,4.8022E+11,,,,0,,2,2,2,2,2,0,10
45,,,4.8022E+11,,,,0,,7,7,7,7,7,0,35
46,,,4.8022E+11,,,,0,,9,9,9,9,9,0,45
47,,,4.8022E+11,,,,0,,4,4,4,4,4,0,20
48,,,4.8054E+11,,,,0,,5,5,5,5,5,0,25
49,,,4.8054E+11,,,,0,,5,5,5,5,5,0,25
50,,,4.8054E+11,,,,0,,10,10,10,10,10,0,50
51,,,4.8054E+11,,,,0,,6,6,6,6,6,0,30
52,,,4.8054E+11,,,,0,,1,1,1,1,1,0,5
53,,,4.8054E+11,,,,0,,8,8,8,8,8,0,40
54,,,4.8054E+11,,,,0,,2,2,2,2,2,0,10
55,,,4.8054E+11,,,,0,,9,9,9,9,9,0,45
56,,,4.8054E+11,,,,0,,7,7,7,7,7,0,35
57,,,4.8054E+11,,,,0,,7,7,7,7,7,0,35
58,,,4.8054E+11,,,,0,,14,14,14,14,14,0,70
59,,,4.8054E+11,,,,0,,10,10,10,10,10,0,50
60,,,4.8054E+11,,,,0,,8,8,8,8,8,0,40
61,,,4.8054E+11,,,,0,,2,2,2,2,2,0,10
62,,,4.8054E+11,,,,0,,5,5,5,5,5,0,25
63,,,4.8054E+11,,,,0,,5,5,5,5,5,0,25
64,,,4.8054E+11,,,,0,,6,6,6,6,6,0,30
65,,,4.8054E+11,,,,0,,4,4,4,4,4,0,20
66,,,4.8054E+11,,,,0,,11,11,11,11,11,0,55
67,,,4.8054E+11,,,,0,,6,6,6,6,6,0,30
68,,,4.8054E+11,,,,0,,4,4,4,4,4,0,20
69,,,4.8054E+11,,,,0,,10,10,10,10,10,0,50
70,,,4.8054E+11,,,,0,,6,6,6,6,6,0,30
71,,,4.8054E+11,,,,0,,2,2,2,2,2,0,10
72,,,4.8054E+11,,,,0,,10,10,10,10,10,0,50
73,,,4.8054E+11,,,,0,,7,7,7,7,7,0,35
74,,,4.8056E+11,,,,0,,4,4,4,4,4,0,20
75,,,4.8056E+11,,,,0,,2,2,2,2,2,0,10
76,,,4.8056E+11,,,,0,,3,3,3,3,3,0,15
77,,,4.8056E+11,,,,0,,2,2,2,2,2,0,10
78,,,4.8056E+11,,,,0,,10,10,10,10,10,0,50
79,,,4.8056E+11,,,,0,,5,5,5,5,5,0,25
80,,,4.8056E+11,,,,0,,13,13,13,13,13,0,65
81,,,4.8056E+11,,,,0,,2,2,2,2,2,0,10
82,,,4.8056E+11,,,,0,,1,1,1,1,1,0,5
83,,,4.8056E+11,,,,0,,6,6,6,6,6,0,30
84,,,4.8056E+11,,,,0,,17,17,17,17,17,0,85
85,,,4.8056E+11,,,,0,,6,6,6,6,6,0,30
86,,,4.8056E+11,,,,0,,15,15,15,15,15,0,75
87,,,4.8056E+11,,,,0,,13,13,13,13,13,0,65
88,,,4.8056E+11,,,,0,,3,3,3,3,3,0,15
89,,,4.8056E+11,,,,0,,1,1,1,1,1,0,5
90,,,4.8056E+11,,,,0,,2,2,2,2,2,0,10
91,,,4.8056E+11,,,,0,,4,4,4,4,4,0,20
92,,,4.8056E+11,,,,0,,3,3,3,3,3,0,15
93,,,4.8056E+11,,,,0,,6,6,6,6,6,0,30
94,,,4.8056E+11,,,,0,,15,15,15,15,15,0,75
95,,,4.8056E+11,,,,0,,8,8,8,8,8,0,40
96,,,4.8056E+11,,,,0,,6,6,6,6,6,0,30
97,,,4.8056E+11,,,,0,,6,6,6,6,6,0,30
98,,,4.8209E+11,,,,0,,83,83,83,83,83,0,415
99,,,4.8209E+11,,,,0,,18,18,18,18,18,0,90
100,,,4.8209E+11,,,,0,,9,9,9,9,9,0,45
101,,,4.8209E+11,,,,0,,43,43,43,43,43,0,215
102,,,4.8209E+11,,,,0,,106,106,106,106,106,0,530
103,,,4.8209E+11,,,,0,,14,14,14,14,14,0,70
104,,,4.8209E+11,,,,0,,22,22,22,22,22,0,110
105,,,4.8209E+11,,,,0,,23,23,23,23,23,0,115
106,,,4.8209E+11,,,,0,,36,36,36,36,36,0,180
107,,,4.8209E+11,,,,0,,30,30,30,30,30,0,150
108,,,4.8209E+11,,,,0,,16,16,16,16,16,0,80
109,,,4.8209E+11,,,,0,,7,7,7,7,7,0,35
110,,,4.8209E+11,,,,0,,20,20,20,20,20,0,100
111,,,4.8209E+11,,,,0,,10,10,10,10,10,0,50
112,,,4.8209E+11,,,,0,,7,7,7,7,7,0,35
113,,,4.8209E+11,,,,0,,38,38,38,38,38,0,190
114,,,4.8209E+11,,,,0,,27,27,27,27,27,0,135
115,,,4.8209E+11,,,,0,,16,16,16,16,16,0,80
116,,,4.8209E+11,,,,0,,38,38,38,38,38,0,190
117,,,4.8209E+11,,,,0,,15,15,15,15,15,0,75
118,,,4.8209E+11,,,,0,,8,8,8,8,8,0,40
119,,,4.8209E+11,,,,0,,9,9,9,9,9,0,45
120,,,4.8209E+11,,,,0,,8,8,8,8,8,0,40
121,,,4.8209E+11,,,,0,,3,3,3,3,3,0,15
122,,,4.8209E+11,,,,0,,11,11,11,11,11,0,55
123,,,4.8209E+11,,,,0,,3,3,3,3,3,0,15
124,,,4.8209E+11,,,,0,,16,16,16,16,16,0,80
125,,,4.8209E+11,,,,0,,33,33,33,33,33,0,165
126,,,4.8209E+11,,,,0,,18,18,18,18,18,0,90
127,,,4.8209E+11,,,,0,,10,10,10,10,10,0,50
128,,,4.8209E+11,,,,0,,2,2,2,2,2,0,10
129,,,4.8209E+11,,,,0,,5,5,5,5,5,0,25
130,,,4.8209E+11,,,,0,,4,4,4,4,4,0,20
131,,,4.8209E+11,,,,0,,3,3,3,3,3,0,15
132,,,4.8209E+11,,,,0,,4,4,4,4,4,0,20
133,,,4.8209E+11,,,,0,,9,9,9,9,9,0,45
134,,,4.8209E+11,,,,0,,5,5,5,5,5,0,25
135,,,4.8209E+11,,,,0,,9,9,9,9,9,0,45
136,,,4.8209E+11,,,,0,,3,3,3,3,3,0,15
137,,,4.8209E+11,,,,0,,3,3,3,3,3,0,15
138,,,4.8209E+11,,,,0,,4,4,4,4,4,0,20
139,,,4.8209E+11,,,,0,,2,2,2,2,2,0,10
140,,,4.8209E+11,,,,0,,8,8,8,8,8,0,40
141,,,4.8209E+11,,,,0,,2,2,2,2,2,0,10
142,,,4.8209E+11,,,,0,,2,2,2,2,2,0,10
143,,,4.8209E+11,,,,0,,8,8,8,8,8,0,40
144,,,4.8209E+11,,,,0,,5,5,5,5,5,0,25
145,,,4.8209E+11,,,,0,,4,4,4,4,4,0,20
146,,,4.8209E+11,,,,0,,4,4,4,4,4,0,20
147,,,4.8209E+11,,,,0,,3,3,3,3,3,0,15
148,,,4.8209E+11,,,,0,,3,3,3,3,3,0,15
149,,,4.8209E+11,,,,0,,3,3,3,3,3,0,15
150,,,4.8209E+11,,,,0,,1,1,1,1,1,0,5
151,,,4.8209E+11,,,,0,,3,3,3,3,3,0,15
152,,,4.8209E+11,,,,0,,6,6,6,6,6,0,30
153,,,4.8209E+11,,,,0,,9,9,9,9,9,0,45
154,,,4.8209E+11,,,,0,,1,1,1,1,1,0,5
155,,,4.8209E+11,,,,0,,3,3,3,3,3,0,15
156,,,4.8209E+11,,,,0,,8,8,8,8,8,0,40
157,,,4.8209E+11,,,,0,,10,10,10,10,10,0,50
158,,,4.8209E+11,,,,0,,10,10,10,10,10,0,50
159,,,4.8209E+11,,,,0,,9,9,9,9,9,0,45
160,,,4.8209E+11,,,,0,,6,6,6,6,6,0,30
161,,,4.8209E+11,,,,0,,11,11,11,11,11,0,55
162,,,4.8209E+11,,,,0,,11,11,11,11,11,0,55
163,,,4.8209E+11,,,,0,,5,5,5,5,5,0,25
164,,,4.8209E+11,,,,0,,9,9,9,9,9,0,45
165,,,4.8209E+11,,,,0,,2,2,2,2,2,0,10
166,,,4.8209E+11,,,,0,,8,8,8,8,8,0,40
167,,,4.8209E+11,,,,0,,14,14,14,14,14,0,70
168,,,4.8209E+11,,,,0,,6,6,6,6,6,0,30
169,,,4.8209E+11,,,,0,,7,7,7,7,7,0,35
170,,,4.8209E+11,,,,0,,4,4,4,4,4,0,20
171,,,4.8209E+11,,,,0,,6,6,6,6,6,0,30
172,,,4.8209E+11,,,,0,,9,9,9,9,9,0,45
173,,,4.8209E+11,,,,0,,10,10,10,10,10,0,50
174,,,4.8209E+11,,,,0,,7,7,7,7,7,0,35
175,,,4.8453E+11,,,,0,,1,1,1,1,1,0,5
176,,,4.8453E+11,,,,0,,13,13,13,13,13,0,65
177,,,4.8453E+11,,,,0,,30,30,30,30,30,0,150
178,,,4.8453E+11,,,,0,,10,10,10,10,10,0,50
179,,,4.8453E+11,,,,0,,3,3,3,3,3,0,15
180,,,4.8453E+11,,,,0,,79,79,79,79,79,0,395
181,,,4.8453E+11,,,,0,,23,23,23,23,23,0,115
182,,,4.8453E+11,,,,0,,26,26,26,26,26,0,130
183,,,4.8453E+11,,,,0,,113,113,113,113,113,0,565
184,,,4.8453E+11,,,,0,,5,5,5,5,5,0,25
185,,,4.8453E+11,,,,0,,10,10,10,10,10,0,50
186,,,4.8453E+11,,,,0,,20,20,20,20,20,0,100
187,,,4.8453E+11,,,,0,,17,17,17,17,17,0,85
188,,,4.8453E+11,,,,0,,6,6,6,6,6,0,30
189,,,4.8453E+11,,,,0,,9,9,9,9,9,0,45
190,,,4.8453E+11,,,,0,,7,7,7,7,7,0,35
191,,,4.8453E+11,,,,0,,6,6,6,6,6,0,30
192,,,4.8453E+11,,,,0,,7,7,7,7,7,0,35
193,,,4.8453E+11,,,,0,,12,12,12,12,12,0,60
194,,,4.8453E+11,,,,0,,9,9,9,9,9,0,45
195,,,4.8453E+11,,,,0,,12,12,12,12,12,0,60
196,,,4.8453E+11,,,,0,,22,22,22,22,22,0,110
197,,,4.8453E+11,,,,0,,12,12,12,12,12,0,60
198,,,4.8453E+11,,,,0,,25,25,25,25,25,0,125
199,,,4.8453E+11,,,,0,,8,8,8,8,8,0,40
200,,,4.8453E+11,,,,0,,21,21,21,21,21,0,105
201,,,4.8453E+11,,,,0,,21,21,21,21,21,0,105
202,,,4.8453E+11,,,,0,,14,14,14,14,14,0,70
203,,,4.8453E+11,,,,0,,73,73,73,73,73,0,365
204,,,4.8453E+11,,,,0,,10,10,10,10,10,0,50
205,,,4.8453E+11,,,,0,,10,10,10,10,10,0,50
206,,,4.8453E+11,,,,0,,4,4,4,4,4,0,20
207,,,4.8453E+11,,,,0,,14,14,14,14,14,0,70
208,,,4.8453E+11,,,,0,,7,7,7,7,7,0,35
209,,,4.8453E+11,,,,0,,11,11,11,11,11,0,55
210,,,4.8453E+11,,,,0,,27,27,27,27,27,0,135
211,,,4.8453E+11,,,,0,,8,8,8,8,8,0,40
212,,,4.8453E+11,,,,0,,40,40,40,40,40,0,200
213,,,4.8453E+11,,,,0,,20,20,20,20,20,0,100
214,,,4.8453E+11,,,,0,,16,16,16,16,16,0,80
215,,,4.8453E+11,,,,0,,15,15,15,15,15,0,75
216,,,4.8453E+11,,,,0,,21,21,21,21,21,0,105
217,,,4.8453E+11,,,,0,,2,2,2,2,2,0,10
218,,,4.8453E+11,,,,0,,28,28,28,28,28,0,140
219,,,4.8453E+11,,,,0,,10,10,10,10,10,0,50
220,,,4.8453E+11,,,,0,,24,24,24,24,24,0,120
221,,,4.8453E+11,,,,0,,7,7,7,7,7,0,35
222,,,4.8453E+11,,,,0,,7,7,7,7,7,0,35
223,,,4.8453E+11,,,,0,,11,11,11,11,11,0,55
224,,,4.8453E+11,,,,0,,8,8,8,8,8,0,40
225,,,4.8453E+11,,,,0,,4,4,4,4,4,0,20
226,,,4.8453E+11,,,,0,,5,5,5,5,5,0,25
227,,,4.8453E+11,,,,0,,3,3,3,3,3,0,15
228,,,4.8453E+11,,,,0,,7,7,7,7,7,0,35
229,,,4.8453E+11,,,,0,,8,8,8,8,8,0,40
230,,,4.8453E+11,,,,0,,17,17,17,17,17,0,85
231,,,4.8453E+11,,,,0,,31,31,31,31,31,0,155
232,,,4.8453E+11,,,,0,,9,9,9,9,9,0,45
233,,,4.8453E+11,,,,0,,6,6,6,6,6,0,30
234,,,4.8453E+11,,,,0,,8,8,8,8,8,0,40
235,,,4.8453E+11,,,,0,,2,2,2,2,2,0,10
236,,,4.8453E+11,,,,0,,15,15,15,15,15,0,75
237,,,4.8453E+11,,,,0,,10,10,10,10,10,0,50
238,,,4.8453E+11,,,,0,,15,15,15,15,15,0,75
239,,,4.8453E+11,,,,0,,19,19,19,19,19,0,95
240,,,4.8453E+11,,,,0,,15,15,15,15,15,0,75
241,,,4.8453E+11,,,,0,,14,14,14,14,14,0,70
242,,,4.8453E+11,,,,0,,3,3,3,3,3,0,15
243,,,4.8453E+11,,,,0,,8,8,8,8,8,0,40
244,,,4.8453E+11,,,,0,,7,7,7,7,7,0,35
245,,,4.8453E+11,,,,0,,21,21,21,21,21,0,105
246,,,4.8453E+11,,,,0,,19,19,19,19,19,0,95
247,,,4.8453E+11,,,,0,,10,10,10,10,10,0,50
248,,,4.8453E+11,,,,0,,7,7,7,7,7,0,35
249,,,4.8453E+11,,,,0,,17,17,17,17,17,0,85
250,,,4.8453E+11,,,,0,,7,7,7,7,7,0,35
251,,,4.8453E+11,,,,0,,6,6,6,6,6,0,30
252,,,4.8453E+11,,,,0,,13,13,13,13,13,0,65
253,,,4.8453E+11,,,,0,,7,7,7,7,7,0,35
254,,,4.8453E+11,,,,0,,12,12,12,12,12,0,60
255,,,4.8453E+11,,,,0,,13,13,13,13,13,0,65
256,,,4.8453E+11,,,,0,,7,7,7,7,7,0,35
257,,,4.8453E+11,,,,0,,5,5,5,5,5,0,25
258,,,4.8453E+11,,,,0,,1,1,1,1,1,0,5
259,,,4.8453E+11,,,,0,,5,5,5,5,5,0,25
260,,,4.8453E+11,,,,0,,11,11,11,11,11,0,55
261,,,4.8453E+11,,,,0,,5,5,5,5,5,0,25
262,,,4.8453E+11,,,,0,,9,9,9,9,9,0,45
263,,,4.8453E+11,,,,0,,9,9,9,9,9,0,45
264,,,4.8453E+11,,,,0,,27,27,27,27,27,0,135
265,,,4.8453E+11,,,,0,,12,12,12,12,12,0,60
266,,,4.8453E+11,,,,0,,37,37,37,37,37,0,185
267,,,4.8453E+11,,,,0,,95,95,95,95,95,0,475
268,,,4.8453E+11,,,,0,,13,13,13,13,13,0,65
269,,,4.8453E+11,,,,0,,16,16,16,16,16,0,80
270,,,4.8453E+11,,,,0,,22,22,22,22,22,0,110
271,,,4.8453E+11,,,,0,,7,7,7,7,7,0,35
272,,,4.8453E+11,,,,0,,11,11,11,11,11,0,55
273,,,4.8453E+11,,,,0,,6,6,6,6,6,0,30
274,,,4.8453E+11,,,,0,,5,5,5,5,5,0,25
275,,,4.8453E+11,,,,0,,4,4,4,4,4,0,20
276,,,4.8453E+11,,,,0,,9,9,9,9,9,0,45
277,,,4.8453E+11,,,,0,,2,2,2,2,2,0,10
278,,,4.8453E+11,,,,0,,16,16,16,16,16,0,80
279,,,4.8453E+11,,,,0,,21,21,21,21,21,0,105
280,,,4.8453E+11,,,,0,,3,3,3,3,3,0,15
281,,,4.8453E+11,,,,0,,4,4,4,4,4,0,20
282,,,4.8453E+11,,,,0,,7,7,7,7,7,0,35
283,,,4.8453E+11,,,,0,,11,11,11,11,11,0,55
284,,,4.8453E+11,,,,0,,11,11,11,11,11,0,55
285,,,4.8453E+11,,,,0,,4,4,4,4,4,0,20
286,,,4.8453E+11,,,,0,,8,8,8,8,8,0,40
287,,,4.8453E+11,,,,0,,1,1,1,1,1,0,5
288,,,4.8453E+11,,,,0,,15,15,15,15,15,0,75
289,,,4.8453E+11,,,,0,,4,4,4,4,4,0,20
290,,,4.8453E+11,,,,0,,14,14,14,14,14,0,70
291,,,4.8453E+11,,,,0,,18,18,18,18,18,0,90
292,,,4.8453E+11,,,,0,,6,6,6,6,6,0,30
293,,,4.8453E+11,,,,0,,8,8,8,8,8,0,40
294,,,4.8453E+11,,,,0,,4,4,4,4,4,0,20
295,,,4.8453E+11,,,,0,,9,9,9,9,9,0,45
296,,,4.8453E+11,,,,0,,3,3,3,3,3,0,15
297,,,4.8453E+11,,,,0,,10,10,10,10,10,0,50
298,,,4.8453E+11,,,,0,,13,13,13,13,13,0,65
299,,,4.8453E+11,,,,0,,16,16,16,16,16,0,80
300,,,4.8453E+11,,,,0,,25,25,25,25,25,0,125
301,,,4.8453E+11,,,,0,,9,9,9,9,9,0,45
302,,,4.8453E+11,,,,0,,22,22,22,22,22,0,110
303,,,4.8453E+11,,,,0,,12,12,12,12,12,0,60
304,,,4.8453E+11,,,,0,,9,9,9,9,9,0,45
305,,,4.8453E+11,,,,0,,6,6,6,6,6,0,30
306,,,4.8453E+11,,,,0,,3,3,3,3,3,0,15
307,,,4.8453E+11,,,,0,,8,8,8,8,8,0,40
308,,,4.8453E+11,,,,0,,27,27,27,27,27,0,135
309,,,4.8453E+11,,,,0,,7,7,7,7,7,0,35
310,,,4.8453E+11,,,,0,,7,7,7,7,7,0,35
311,,,4.8453E+11,,,,0,,10,10,10,10,10,0,50
312,,,4.8453E+11,,,,0,,5,5,5,5,5,0,25
313,,,4.8453E+11,,,,0,,30,30,30,30,30,0,150
314,,,4.8453E+11,,,,0,,9,9,9,9,9,0,45
315,,,4.8453E+11,,,,0,,7,7,7,7,7,0,35
316,,,4.8453E+11,,,,0,,6,6,6,6,6,0,30
317,,,4.8453E+11,,,,0,,5,5,5,5,5,0,25
318,,,4.8453E+11,,,,0,,1,1,1,1,1,0,5
319,,,4.8453E+11,,,,0,,3,3,3,3,3,0,15
320,,,4.8453E+11,,,,0,,12,12,12,12,12,0,60
321,,,4.8453E+11,,,,0,,41,41,41,41,41,0,205
322,,,4.8453E+11,,,,0,,13,13,13,13,13,0,65
323,,,4.8453E+11,,,,0,,8,8,8,8,8,0,40
324,,,4.8453E+11,,,,0,,10,10,10,10,10,0,50
325,,,4.8453E+11,,,,0,,4,4,4,4,4,0,20
326,,,4.8453E+11,,,,0,,9,9,9,9,9,0,45
327,,,4.8453E+11,,,,0,,1,1,1,1,1,0,5
328,,,4.8453E+11,,,,0,,6,6,6,6,6,0,30
329,,,4.8453E+11,,,,0,,4,4,4,4,4,0,20
330,,,4.8453E+11,,,,0,,7,7,7,7,7,0,35
331,,,4.8453E+11,,,,0,,8,8,8,8,8,0,40
332,,,4.8453E+11,,,,0,,1,1,1,1,1,0,5
333,,,4.8453E+11,,,,0,,2,2,2,2,2,0,10
334,,,4.8453E+11,,,,0,,20,20,20,20,20,0,100
335,,,4.8453E+11,,,,0,,4,4,4,4,4,0,20
336,,,4.8453E+11,,,,0,,3,3,3,3,3,0,15
337,,,4.8453E+11,,,,0,,9,9,9,9,9,0,45
338,,,4.8453E+11,,,,0,,1,1,1,1,1,0,5
339,,,4.8453E+11,,,,0,,14,14,14,14,14,0,70
340,,,4.8453E+11,,,,0,,1,1,1,1,1,0,5
341,,,4.8453E+11,,,,0,,11,11,11,11,11,0,55
342,,,4.8453E+11,,,,0,,6,6,6,6,6,0,30
343,,,4.8453E+11,,,,0,,2,2,2,2,2,0,10
344,,,4.8453E+11,,,,0,,3,3,3,3,3,0,15
345,,,4.8453E+11,,,,0,,10,10,10,10,10,0,50
346,,,4.8453E+11,,,,0,,3,3,3,3,3,0,15
347,,,4.8453E+11,,,,0,,17,17,17,17,17,0,85
348,,,4.8453E+11,,,,0,,10,10,10,10,10,0,50
349,,,4.8453E+11,,,,0,,14,14,14,14,14,0,70
350,,,4.8453E+11,,,,0,,8,8,8,8,8,0,40
351,,,4.8453E+11,,,,0,,19,19,19,19,19,0,95
352,,,4.8453E+11,,,,0,,5,5,5,5,5,0,25
353,,,4.8453E+11,,,,0,,3,3,3,3,3,0,15
354,,,4.8453E+11,,,,0,,9,9,9,9,9,0,45
355,,,4.8453E+11,,,,0,,10,10,10,10,10,0,50
356,,,4.8453E+11,,,,0,,6,6,6,6,6,0,30
357,,,4.8453E+11,,,,0,,4,4,4,4,4,0,20
358,,,4.8453E+11,,,,0,,13,13,13,13,13,0,65
359,,,4.8453E+11,,,,0,,12,12,12,12,12,0,60
360,,,4.8453E+11,,,,0,,21,21,21,21,21,0,105
361,,,4.8453E+11,,,,0,,25,25,25,25,25,0,125
362,,,4.8453E+11,,,,0,,7,7,7,7,7,0,35
363,,,4.8453E+11,,,,0,,8,8,8,8,8,0,40
364,,,4.8453E+11,,,,0,,14,14,14,14,14,0,70
365,,,4.8453E+11,,,,0,,10,10,10,10,10,0,50
366,,,4.8453E+11,,,,0,,18,18,18,18,18,0,90
367,,,4.8453E+11,,,,0,,23,23,23,23,23,0,115
368,,,4.8453E+11,,,,0,,38,38,38,38,38,0,190
369,,,4.8453E+11,,,,0,,8,8,8,8,8,0,40
370,,,4.8453E+11,,,,0,,16,16,16,16,16,0,80
371,,,4.8453E+11,,,,0,,10,10,10,10,10,0,50
372,,,4.8453E+11,,,,0,,13,13,13,13,13,0,65
373,,,4.8453E+11,,,,0,,7,7,7,7,7,0,35
374,,,4.8453E+11,,,,0,,13,13,13,13,13,0,65
375,,,4.8453E+11,,,,0,,10,10,10,10,10,0,50
376,,,4.8453E+11,,,,0,,4,4,4,4,4,0,20
377,,,4.8453E+11,,,,0,,15,15,15,15,15,0,75
378,,,4.8453E+11,,,,0,,42,42,42,42,42,0,210
379,,,4.8453E+11,,,,0,,26,26,26,26,26,0,130
380,,,4.8453E+11,,,,0,,8,8,8,8,8,0,40
381,,,4.8453E+11,,,,0,,5,5,5,5,5,0,25
382,,,4.8453E+11,,,,0,,3,3,3,3,3,0,15
383,,,4.8453E+11,,,,0,,1,1,1,1,1,0,5
384,,,4.8453E+11,,,,0,,9,9,9,9,9,0,45
385,,,4.8453E+11,,,,0,,20,20,20,20,20,0,100
386,,,4.8453E+11,,,,0,,1,1,1,1,1,0,5
387,,,4.8453E+11,,,,0,,5,5,5,5,5,0,25
388,,,4.8453E+11,,,,0,,1,1,1,1,1,0,5
389,,,4.8453E+11,,,,0,,1,1,1,1,1,0,5
390,,,4.8453E+11,,,,0,,17,17,17,17,17,0,85
391,,,4.8453E+11,,,,0,,5,5,5,5,5,0,25
392,,,4.8453E+11,,,,0,,11,11,11,11,11,0,55
393,,,4.8453E+11,,,,0,,11,11,11,11,11,0,55
394,,,4.8453E+11,,,,0,,7,7,7,7,7,0,35
395,,,4.8453E+11,,,,0,,4,4,4,4,4,0,20
396,,,4.8453E+11,,,,0,,2,2,2,2,2,0,10
397,,,4.8453E+11,,,,0,,4,4,4,4,4,0,20
398,,,4.8453E+11,,,,0,,13,13,13,13,13,0,65
399,,,4.8453E+11,,,,0,,8,8,8,8,8,0,40
400,,,4.8453E+11,,,,0,,10,10,10,10,10,0,50
401,,,4.8453E+11,,,,0,,2,2,2,2,2,0,10
402,,,4.8453E+11,,,,0,,9,9,9,9,9,0,45
403,,,4.8453E+11,,,,0,,23,23,23,23,23,0,115
404,,,4.8453E+11,,,,0,,7,7,7,7,7,0,35
405,,,4.8453E+11,,,,0,,15,15,15,15,15,0,75
406,,,4.8453E+11,,,,0,,11,11,11,11,11,0,55
407,,,4.8453E+11,,,,0,,8,8,8,8,8,0,40
408,,,4.8453E+11,,,,0,,6,6,6,6,6,0,30
409,,,4.8453E+11,,,,0,,9,9,9,9,9,0,45
410,,,4.8453E+11,,,,0,,11,11,11,11,11,0,55
411,,,4.8453E+11,,,,0,,5,5,5,5,5,0,25
412,,,4.8453E+11,,,,0,,3,3,3,3,3,0,15
413,,,4.8453E+11,,,,0,,8,8,8,8,8,0,40
414,,,4.8453E+11,,,,0,,4,4,4,4,4,0,20
415,,,4.8453E+11,,,,0,,2,2,2,2,2,0,10
416,,,4.8453E+11,,,,0,,9,9,9,9,9,0,45
417,,,4.8453E+11,,,,0,,8,8,8,8,8,0,40
418,,,4.8453E+11,,,,0,,5,5,5,5,5,0,25
419,,,4.8453E+11,,,,0,,3,3,3,3,3,0,15
420,,,4.8453E+11,,,,0,,4,4,4,4,4,0,20
421,,,4.8453E+11,,,,0,,11,11,11,11,11,0,55
422,,,4.8453E+11,,,,0,,1,1,1,1,1,0,5
423,,,4.8453E+11,,,,0,,5,5,5,5,5,0,25
424,,,4.8453E+11,,,,0,,5,5,5,5,5,0,25
425,,,4.8453E+11,,,,0,,20,20,20,20,20,0,100
426,,,4.8453E+11,,,,0,,6,6,6,6,6,0,30
427,,,4.8453E+11,,,,0,,7,7,7,7,7,0,35
428,,,4.8453E+11,,,,0,,4,4,4,4,4,0,20
429,,,4.8453E+11,,,,0,,21,21,21,21,21,0,105
430,,,4.8453E+11,,,,0,,3,3,3,3,3,0,15
431,,,4.8453E+11,,,,0,,15,15,15,15,15,0,75
432,,,4.8453E+11,,,,0,,16,16,16,16,16,0,80
433,,,4.8453E+11,,,,0,,40,40,40,40,40,0,200
434,,,4.8453E+11,,,,0,,8,8,8,8,8,0,40
435,,,4.8453E+11,,,,0,,20,20,20,20,20,0,100
436,,,4.8453E+11,,,,0,,10,10,10,10,10,0,50
437,,,4.8453E+11,,,,0,,6,6,6,6,6,0,30
438,,,4.8453E+11,,,,0,,14,14,14,14,14,0,70
439,,,4.8453E+11,,,,0,,6,6,6,6,6,0,30
440,,,4.8453E+11,,,,0,,25,25,25,25,25,0,125
441,,,4.8453E+11,,,,0,,8,8,8,8,8,0,40
442,,,4.8453E+11,,,,0,,28,28,28,28,28,0,140
443,,,4.8453E+11,,,,0,,11,11,11,11,11,0,55
444,,,4.8453E+11,,,,0,,18,18,18,18,18,0,90
445,,,4.8453E+11,,,,0,,27,27,27,27,27,0,135
446,,,4.8453E+11,,,,0,,39,39,39,39,39,0,195
447,,,4.8453E+11,,,,0,,15,15,15,15,15,0,75
448,,,4.8453E+11,,,,0,,32,32,32,32,32,0,160
449,,,4.8453E+11,,,,0,,20,20,20,20,20,0,100
450,,,4.8453E+11,,,,0,,22,22,22,22,22,0,110
451,,,4.8453E+11,,,,0,,23,23,23,23,23,0,115
452,,,4.8453E+11,,,,0,,13,13,13,13,13,0,65
453,,,4.8453E+11,,,,0,,22,22,22,22,22,0,110
454,,,4.8453E+11,,,,0,,2,2,2,2,2,0,10
455,,,4.8453E+11,,,,0,,11,11,11,11,11,0,55
456,,,4.8453E+11,,,,0,,24,24,24,24,24,0,120
457,,,4.8453E+11,,,,0,,19,19,19,19,19,0,95
458,,,4.8453E+11,,,,0,,8,8,8,8,8,0,40
459,,,4.8453E+11,,,,0,,8,8,8,8,8,0,40
460,,,4.8453E+11,,,,0,,35,35,35,35,35,0,175
461,,,4.8453E+11,,,,0,,20,20,20,20,20,0,100
462,,,4.8453E+11,,,,0,,12,12,12,12,12,0,60
463,,,4.8453E+11,,,,0,,6,6,6,6,6,0,30
464,,,4.8453E+11,,,,0,,12,12,12,12,12,0,60
465,,,4.8453E+11,,,,0,,13,13,13,13,13,0,65
466,,,4.8453E+11,,,,0,,16,16,16,16,16,0,80
467,,,4.8453E+11,,,,0,,25,25,25,25,25,0,125
468,,,4.8453E+11,,,,0,,3,3,3,3,3,0,15
469,,,4.8453E+11,,,,0,,3,3,3,3,3,0,15
470,,,4.8453E+11,,,,0,,6,6,6,6,6,0,30
471,,,4.8453E+11,,,,0,,22,22,22,22,22,0,110
472,,,4.8453E+11,,,,0,,3,3,3,3,3,0,15
473,,,4.8453E+11,,,,0,,8,8,8,8,8,0,40
474,,,4.8453E+11,,,,0,,27,27,27,27,27,0,135
475,,,4.8453E+11,,,,0,,9,9,9,9,9,0,45
476,,,4.8453E+11,,,,0,,7,7,7,7,7,0,35
477,,,4.8453E+11,,,,0,,7,7,7,7,7,0,35
478,,,4.8453E+11,,,,0,,14,14,14,14,14,0,70
479,,,4.8453E+11,,,,0,,9,9,9,9,9,0,45
480,,,4.8453E+11,,,,0,,13,13,13,13,13,0,65
481,,,4.8453E+11,,,,0,,5,5,5,5,5,0,25
482,,,4.8453E+11,,,,0,,83,83,83,83,83,0,415
483,,,4.8453E+11,,,,0,,22,22,22,22,22,0,110
484,,,4.8453E+11,,,,0,,3,3,3,3,3,0,15
485,,,4.8453E+11,,,,0,,2,2,2,2,2,0,10
486,,,4.8453E+11,,,,0,,3,3,3,3,3,0,15
487,,,4.8453E+11,,,,0,,21,21,21,21,21,0,105
488,,,4.8453E+11,,,,0,,18,18,18,18,18,0,90
489,,,4.8453E+11,,,,0,,16,16,16,16,16,0,80
490,,,4.8453E+11,,,,0,,4,4,4,4,4,0,20
491,,,4.8453E+11,,,,0,,19,19,19,19,19,0,95
492,,,4.8453E+11,,,,0,,23,23,23,23,23,0,115
493,,,4.8453E+11,,,,0,,3,3,3,3,3,0,15
494,,,4.8453E+11,,,,0,,59,59,59,59,59,0,295
495,,,4.8453E+11,,,,0,,15,15,15,15,15,0,75
496,,,4.8453E+11,,,,0,,25,25,25,25,25,0,125
497,,,4.8453E+11,,,,0,,3,3,3,3,3,0,15
498,,,4.8453E+11,,,,0,,14,14,14,14,14,0,70
499,,,4.8453E+11,,,,0,,2,2,2,2,2,0,10
500,,,4.8453E+11,,,,0,,1,1,1,1,1,0,5
501,,,4.8453E+11,,,,0,,7,7,7,7,7,0,35
502,,,4.8453E+11,,,,0,,1,1,1,1,1,0,5
503,,,4.8453E+11,,,,0,,9,9,9,9,9,0,45
504,,,4.8453E+11,,,,0,,7,7,7,7,7,0,35
505,,,4.8453E+11,,,,0,,6,6,6,6,6,0,30
506,,,4.8453E+11,,,,0,,5,5,5,5,5,0,25
507,,,4.8453E+11,,,,0,,13,13,13,13,13,0,65
508,,,4.8453E+11,,,,0,,22,22,22,22,22,0,110
509,,,4.8453E+11,,,,0,,11,11,11,11,11,0,55
510,,,4.8453E+11,,,,0,,4,4,4,4,4,0,20
511,,,4.8453E+11,,,,0,,8,8,8,8,8,0,40
512,,,4.8453E+11,,,,0,,59,59,59,59,59,0,295
513,,,4.8453E+11,,,,0,,21,21,21,21,21,0,105
514,,,4.8453E+11,,,,0,,8,8,8,8,8,0,40
515,,,4.8453E+11,,,,0,,21,21,21,21,21,0,105
516,,,4.8453E+11,,,,0,,11,11,11,11,11,0,55
517,,,4.8453E+11,,,,0,,6,6,6,6,6,0,30
518,,,4.8453E+11,,,,0,,2,2,2,2,2,0,10
519,,,4.8453E+11,,,,0,,11,11,11,11,11,0,55
520,,,4.8453E+11,,,,0,,25,25,25,25,25,0,125
521,,,4.8453E+11,,,,0,,21,21,21,21,21,0,105
522,,,4.8453E+11,,,,0,,3,3,3,3,3,0,15
523,,,4.8453E+11,,,,0,,3,3,3,3,3,0,15
524,,,4.8453E+11,,,,0,,1,1,1,1,1,0,5
525,,,4.8453E+11,,,,0,,13,13,13,13,13,0,65
526,,,4.8453E+11,,,,0,,10,10,10,10,10,0,50
527,,,4.8453E+11,,,,0,,12,12,12,12,12,0,60
528,,,4.8453E+11,,,,0,,7,7,7,7,7,0,35
529,,,4.8453E+11,,,,0,,9,9,9,9,9,0,45
530,,,4.8453E+11,,,,0,,13,13,13,13,13,0,65
531,,,4.8453E+11,,,,0,,2,2,2,2,2,0,10
532,,,4.8453E+11,,,,0,,3,3,3,3,3,0,15
533,,,4.8453E+11,,,,0,,23,23,23,23,23,0,115
534,,,4.8453E+11,,,,0,,19,19,19,19,19,0,95
535,,,4.8453E+11,,,,0,,12,12,12,12,12,0,60
536,,,4.8453E+11,,,,0,,5,5,5,5,5,0,25
537,,,4.8453E+11,,,,0,,6,6,6,6,6,0,30
538,,,4.8453E+11,,,,0,,9,9,9,9,9,0,45
539,,,4.8453E+11,,,,0,,11,11,11,11,11,0,55
540,,,4.8453E+11,,,,0,,7,7,7,7,7,0,35
541,,,4.8453E+11,,,,0,,7,7,7,7,7,0,35
542,,,4.8453E+11,,,,0,,5,5,5,5,5,0,25
543,,,4.8453E+11,,,,0,,19,19,19,19,19,0,95
544,,,4.8453E+11,,,,0,,20,20,20,20,20,0,100
545,,,4.8453E+11,,,,0,,11,11,11,11,11,0,55
546,,,4.8453E+11,,,,0,,23,23,23,23,23,0,115
547,,,4.8453E+11,,,,0,,7,7,7,7,7,0,35
548,,,4.8453E+11,,,,0,,23,23,23,23,23,0,115
549,,,4.8453E+11,,,,0,,6,6,6,6,6,0,30
550,,,4.8453E+11,,,,0,,10,10,10,10,10,0,50
551,,,4.8453E+11,,,,0,,20,20,20,20,20,0,100
552,,,4.8453E+11,,,,0,,12,12,12,12,12,0,60
553,,,4.8453E+11,,,,0,,10,10,10,10,10,0,50
554,,,4.8453E+11,,,,0,,28,28,28,28,28,0,140
555,,,4.8453E+11,,,,0,,10,10,10,10,10,0,50
556,,,4.8453E+11,,,,0,,7,7,7,7,7,0,35
557,,,4.8453E+11,,,,0,,28,28,28,28,28,0,140
558,,,4.8453E+11,,,,0,,8,8,8,8,8,0,40
559,,,4.8453E+11,,,,0,,20,20,20,20,20,0,100
560,,,4.8453E+11,,,,0,,12,12,12,12,12,0,60
561,,,4.8453E+11,,,,0,,4,4,4,4,4,0,20
562,,,4.8453E+11,,,,0,,5,5,5,5,5,0,25
563,,,4.8453E+11,,,,0,,7,7,7,7,7,0,35
564,,,4.8453E+11,,,,0,,14,14,14,14,14,0,70
565,,,4.8453E+11,,,,0,,4,4,4,4,4,0,20
566,,,4.8453E+11,,,,0,,8,8,8,8,8,0,40
567,,,4.8453E+11,,,,0,,26,26,26,26,26,0,130
568,,,4.8453E+11,,,,0,,19,19,19,19,19,0,95
569,,,4.8453E+11,,,,0,,7,7,7,7,7,0,35
570,,,4.8453E+11,,,,0,,4,4,4,4,4,0,20
571,,,4.8453E+11,,,,0,,2,2,2,2,2,0,10
572,,,4.8453E+11,,,,0,,4,4,4,4,4,0,20
573,,,4.8453E+11,,,,0,,14,14,14,14,14,0,70
574,,,4.8453E+11,,,,0,,2,2,2,2,2,0,10
575,,,4.8453E+11,,,,0,,4,4,4,4,4,0,20
576,,,4.8453E+11,,,,0,,8,8,8,8,8,0,40
577,,,4.8453E+11,,,,0,,6,6,6,6,6,0,30
578,,,4.8453E+11,,,,0,,16,16,16,16,16,0,80
579,,,4.8453E+11,,,,0,,7,7,7,7,7,0,35
580,,,4.8453E+11,,,,0,,10,10,10,10,10,0,50
581,,,4.8453E+11,,,,0,,9,9,9,9,9,0,45
582,,,4.8453E+11,,,,0,,22,22,22,22,22,0,110
583,,,4.8453E+11,,,,0,,23,23,23,23,23,0,115
584,,,4.8453E+11,,,,0,,28,28,28,28,28,0,140
585,,,4.8453E+11,,,,0,,4,4,4,4,4,0,20
586,,,4.8453E+11,,,,0,,12,12,12,12,12,0,60
587,,,4.8453E+11,,,,0,,8,8,8,8,8,0,40
588,,,4.8453E+11,,,,0,,6,6,6,6,6,0,30
589,,,4.8453E+11,,,,0,,24,24,24,24,24,0,120
590,,,4.8453E+11,,,,0,,9,9,9,9,9,0,45
591,,,4.8453E+11,,,,0,,5,5,5,5,5,0,25
592,,,4.8453E+11,,,,0,,32,32,32,32,32,0,160
593,,,4.8453E+11,,,,0,,5,5,5,5,5,0,25
594,,,4.8453E+11,,,,0,,3,3,3,3,3,0,15
595,,,4.8453E+11,,,,0,,4,4,4,4,4,0,20
596,,,4.8453E+11,,,,0,,6,6,6,6,6,0,30
597,,,4.8453E+11,,,,0,,7,7,7,7,7,0,35
598,,,4.8453E+11,,,,0,,7,7,7,7,7,0,35
599,,,4.8453E+11,,,,0,,3,3,3,3,3,0,15
600,,,4.8453E+11,,,,0,,5,5,5,5,5,0,25
601,,,4.8453E+11,,,,0,,12,12,12,12,12,0,60
602,,,4.8453E+11,,,,0,,8,8,8,8,8,0,40
603,,,4.8453E+11,,,,0,,8,8,8,8,8,0,40
604,,,4.8453E+11,,,,0,,7,7,7,7,7,0,35
605,,,4.8453E+11,,,,0,,9,9,9,9,9,0,45
606,,,4.8453E+11,,,,0,,8,8,8,8,8,0,40
607,,,4.8453E+11,,,,0,,6,6,6,6,6,0,30
608,,,4.8453E+11,,,,0,,10,10,10,10,10,0,50
609,,,4.8453E+11,,,,0,,13,13,13,13,13,0,65
610,,,4.8453E+11,,,,0,,6,6,6,6,6,0,30
611,,,4.8453E+11,,,,0,,9,9,9,9,9,0,45
612,,,4.8453E+11,,,,0,,9,9,9,9,9,0,45
613,,,4.8453E+11,,,,0,,7,7,7,7,7,0,35
614,,,4.8453E+11,,,,0,,5,5,5,5,5,0,25
615,,,4.8453E+11,,,,0,,6,6,6,6,6,0,30
616,,,4.8453E+11,,,,0,,4,4,4,4,4,0,20
617,,,4.8453E+11,,,,0,,6,6,6,6,6,0,30
618,,,4.8453E+11,,,,0,,3,3,3,3,3,0,15
619,,,4.8453E+11,,,,0,,3,3,3,3,3,0,15
620,,,4.8453E+11,,,,0,,2,2,2,2,2,0,10
621,,,4.8453E+11,,,,0,,9,9,9,9,9,0,45
622,,,4.8453E+11,,,,0,,4,4,4,4,4,0,20
623,,,4.8453E+11,,,,0,,5,5,5,5,5,0,25
624,,,4.8453E+11,,,,0,,15,15,15,15,15,0,75
625,,,4.8453E+11,,,,0,,1,1,1,1,1,0,5
626,,,4.8453E+11,,,,0,,9,9,9,9,9,0,45
627,,,4.8453E+11,,,,0,,1,1,1,1,1,0,5
628,,,4.8453E+11,,,,0,,5,5,5,5,5,0,25
629,,,4.8453E+11,,,,0,,8,8,8,8,8,0,40
630,,,4.8453E+11,,,,0,,6,6,6,6,6,0,30
631,,,4.8453E+11,,,,0,,1,1,1,1,1,0,5
632,,,4.8453E+11,,,,0,,5,5,5,5,5,0,25
633,,,4.8453E+11,,,,0,,1,1,1,1,1,0,5
634,,,4.8453E+11,,,,0,,7,7,7,7,7,0,35
635,,,4.8453E+11,,,,0,,14,14,14,14,14,0,70
636,,,4.8453E+11,,,,0,,11,11,11,11,11,0,55
637,,,4.8453E+11,,,,0,,13,13,13,13,13,0,65
638,,,4.8453E+11,,,,0,,25,25,25,25,25,0,125
639,,,4.8453E+11,,,,0,,6,6,6,6,6,0,30
640,,,4.8453E+11,,,,0,,17,17,17,17,17,0,85
641,,,4.8453E+11,,,,0,,14,14,14,14,14,0,70
642,,,4.8453E+11,,,,0,,7,7,7,7,7,0,35
643,,,4.8453E+11,,,,0,,27,27,27,27,27,0,135
644,,,4.8453E+11,,,,0,,15,15,15,15,15,0,75
645,,,4.8453E+11,,,,0,,4,4,4,4,4,0,20
646,,,4.8453E+11,,,,0,,6,6,6,6,6,0,30
647,,,4.8453E+11,,,,0,,16,16,16,16,16,0,80
648,,,4.8453E+11,,,,0,,12,12,12,12,12,0,60
649,,,4.8453E+11,,,,0,,15,15,15,15,15,0,75
650,,,4.8453E+11,,,,0,,17,17,17,17,17,0,85
651,,,4.8453E+11,,,,0,,14,14,14,14,14,0,70
652,,,4.8453E+11,,,,0,,13,13,13,13,13,0,65
653,,,4.8453E+11,,,,0,,2,2,2,2,2,0,10
654,,,4.8453E+11,,,,0,,20,20,20,20,20,0,100
655,,,4.8453E+11,,,,0,,10,10,10,10,10,0,50
656,,,4.8453E+11,,,,0,,17,17,17,17,17,0,85
657,,,4.8453E+11,,,,0,,5,5,5,5,5,0,25
658,,,4.8453E+11,,,,0,,16,16,16,16,16,0,80
659,,,4.8453E+11,,,,0,,8,8,8,8,8,0,40
660,,,4.8453E+11,,,,0,,12,12,12,12,12,0,60
661,,,4.8453E+11,,,,0,,5,5,5,5,5,0,25
662,,,4.8453E+11,,,,0,,11,11,11,11,11,0,55
663,,,4.8453E+11,,,,0,,27,27,27,27,27,0,135
664,,,4.8453E+11,,,,0,,4,4,4,4,4,0,20
665,,,4.8453E+11,,,,0,,17,17,17,17,17,0,85
666,,,4.8453E+11,,,,0,,31,31,31,31,31,0,155
667,,,4.8453E+11,,,,0,,14,14,14,14,14,0,70
668,,,4.8453E+11,,,,0,,7,7,7,7,7,0,35
669,,,4.8453E+11,,,,0,,5,5,5,5,5,0,25
670,,,4.8453E+11,,,,0,,5,5,5,5,5,0,25
671,,,4.8453E+11,,,,0,,5,5,5,5,5,0,25
672,,,4.8453E+11,,,,0,,3,3,3,3,3,0,15
673,,,4.8453E+11,,,,0,,9,9,9,9,9,0,45
674,,,4.8453E+11,,,,0,,12,12,12,12,12,0,60
675,,,4.8453E+11,,,,0,,45,45,45,45,45,0,225
676,,,4.8453E+11,,,,0,,12,12,12,12,12,0,60
677,,,4.8453E+11,,,,0,,3,3,3,3,3,0,15
678,,,4.8453E+11,,,,0,,7,7,7,7,7,0,35
679,,,4.8453E+11,,,,0,,7,7,7,7,7,0,35
680,,,4.8453E+11,,,,0,,9,9,9,9,9,0,45
681,,,4.8453E+11,,,,0,,1,1,1,1,1,0,5
682,,,4.8453E+11,,,,0,,12,12,12,12,12,0,60
683,,,4.8453E+11,,,,0,,2,2,2,2,2,0,10
684,,,4.8453E+11,,,,0,,2,2,2,2,2,0,10
685,,,4.8453E+11,,,,0,,13,13,13,13,13,0,65
686,,,4.8453E+11,,,,0,,23,23,23,23,23,0,115
687,,,4.8453E+11,,,,0,,9,9,9,9,9,0,45
688,,,4.8453E+11,,,,0,,3,3,3,3,3,0,15
689,,,4.8453E+11,,,,0,,16,16,16,16,16,0,80
690,,,4.8453E+11,,,,0,,13,13,13,13,13,0,65
691,,,4.8453E+11,,,,0,,7,7,7,7,7,0,35
692,,,4.8453E+11,,,,0,,6,6,6,6,6,0,30
693,,,4.8453E+11,,,,0,,7,7,7,7,7,0,35
694,,,4.8453E+11,,,,0,,5,5,5,5,5,0,25
695,,,4.8453E+11,,,,0,,10,10,10,10,10,0,50
696,,,4.8453E+11,,,,0,,18,18,18,18,18,0,90
697,,,4.8453E+11,,,,0,,2,2,2,2,2,0,10
698,,,4.8453E+11,,,,0,,3,3,3,3,3,0,15
699,,,4.8453E+11,,,,0,,3,3,3,3,3,0,15
700,,,4.8453E+11,,,,0,,8,8,8,8,8,0,40
701,,,4.8453E+11,,,,0,,4,4,4,4,4,0,20
702,,,4.8453E+11,,,,0,,20,20,20,20,20,0,100
703,,,4.8453E+11,,,,0,,10,10,10,10,10,0,50
704,,,4.8453E+11,,,,0,,5,5,5,5,5,0,25
705,,,4.8453E+11,,,,0,,1,1,1,1,1,0,5
706,,,4.8453E+11,,,,0,,2,2,2,2,2,0,10
707,,,4.8453E+11,,,,0,,7,7,7,7,7,0,35
708,,,4.8453E+11,,,,0,,38,38,38,38,38,0,190
709,,,4.8453E+11,,,,0,,23,23,23,23,23,0,115
710,,,4.8453E+11,,,,0,,9,9,9,9,9,0,45
711,,,4.8453E+11,,,,0,,2,2,2,2,2,0,10
712,,,4.8453E+11,,,,0,,1,1,1,1,1,0,5
713,,,4.8453E+11,,,,0,,9,9,9,9,9,0,45
714,,,4.8453E+11,,,,0,,18,18,18,18,18,0,90
715,,,4.8453E+11,,,,0,,1,1,1,1,1,0,5
716,,,4.8453E+11,,,,0,,2,2,2,2,2,0,10
717,,,4.8453E+11,,,,0,,11,11,11,11,11,0,55
718,,,4.8453E+11,,,,0,,3,3,3,3,3,0,15
719,,,4.8453E+11,,,,0,,20,20,20,20,20,0,100
720,,,4.8453E+11,,,,0,,12,12,12,12,12,0,60
721,,,4.8453E+11,,,,0,,16,16,16,16,16,0,80
722,,,4.8454E+11,,,,0,,2,2,2,2,2,0,10
723,,,4.8491E+11,,,,0,,8,8,8,8,8,0,40
724,,,4.8491E+11,,,,0,,2,2,2,2,2,0,10
725,,,4.8491E+11,,,,0,,2,2,2,2,2,0,10
726,,,4.8491E+11,,,,0,,11,11,11,11,11,0,55
727,,,4.8491E+11,,,,0,,4,4,4,4,4,0,20
728,,,4.8491E+11,,,,0,,1,1,1,1,1,0,5
729,,,4.8491E+11,,,,0,,2,2,2,2,2,0,10
730,,,4.8491E+11,,,,0,,4,4,4,4,4,0,20
731,,,4.8491E+11,,,,0,,2,2,2,2,2,0,10
732,,,4.8491E+11,,,,0,,3,3,3,3,3,0,15
733,,,4.8491E+11,,,,0,,2,2,2,2,2,0,10
734,,,4.8491E+11,,,,0,,1,1,1,1,1,0,5
735,,,4.8491E+11,,,,0,,3,3,3,3,3,0,15
736,,,4.8491E+11,,,,0,,1,1,1,1,1,0,5
737,,,4.8491E+11,,,,0,,8,8,8,8,8,0,40
738,,,4.8491E+11,,,,0,,14,14,14,14,14,0,70
739,,,4.8491E+11,,,,0,,8,8,8,8,8,0,40
740,,,4.8491E+11,,,,0,,13,13,13,13,13,0,65
741,,,4.8491E+11,,,,0,,2,2,2,2,2,0,10
742,,,4.8491E+11,,,,0,,8,8,8,8,8,0,40
743,,,4.8491E+11,,,,0,,5,5,5,5,5,0,25
744,,,4.8491E+11,,,,0,,15,15,15,15,15,0,75
745,,,4.8491E+11,,,,0,,21,21,21,21,21,0,105
746,,,4.8491E+11,,,,0,,2,2,2,2,2,0,10
747,,,4.8491E+11,,,,0,,3,3,3,3,3,0,15
748,,,4.8491E+11,,,,0,,10,10,10,10,10,0,50
749,,,4.8491E+11,,,,0,,3,3,3,3,3,0,15
750,,,4.8491E+11,,,,0,,2,2,2,2,2,0,10
751,,,4.8491E+11,,,,0,,2,2,2,2,2,0,10
752,,,4.8491E+11,,,,0,,2,2,2,2,2,0,10
753,,,4.8491E+11,,,,0,,1,1,1,1,1,0,5
754,,,4.8491E+11,,,,0,,2,2,2,2,2,0,10
755,,,4.8491E+11,,,,0,,2,2,2,2,2,0,10
756,,,4.8491E+11,,,,0,,4,4,4,4,4,0,20
757,,,4.8491E+11,,,,0,,5,5,5,5,5,0,25
758,,,4.8491E+11,,,,0,,6,6,6,6,6,0,30
759,,,4.8491E+11,,,,0,,2,2,2,2,2,0,10
760,,,4.8491E+11,,,,0,,2,2,2,2,2,0,10
761,,,4.8491E+11,,,,0,,7,7,7,7,7,0,35
762,,,4.8491E+11,,,,0,,15,15,15,15,15,0,75
763,,,4.8491E+11,,,,0,,5,5,5,5,5,0,25
764,,,4.8491E+11,,,,0,,6,6,6,6,6,0,30
765,,,4.8491E+11,,,,0,,7,7,7,7,7,0,35
766,,,4.8491E+11,,,,0,,4,4,4,4,4,0,20
767,,,4.8491E+11,,,,0,,5,5,5,5,5,0,25
768,,,4.8491E+11,,,,0,,7,7,7,7,7,0,35
769,,,4.8491E+11,,,,0,,23,23,23,23,23,0,115
770,,,4.8491E+11,,,,0,,7,7,7,7,7,0,35
771,,,4.8491E+11,,,,0,,2,2,2,2,2,0,10
772,,,4.8491E+11,,,,0,,4,4,4,4,4,0,20
773,,,4.8491E+11,,,,0,,1,1,1,1,1,0,5
774,,,4.8491E+11,,,,0,,5,5,5,5,5,0,25
775,,,4.8491E+11,,,,0,,5,5,5,5,5,0,25
776,,,4.8491E+11,,,,0,,1,1,1,1,1,0,5
777,,,4.8491E+11,,,,0,,18,18,18,18,18,0,90
778,,,4.8491E+11,,,,0,,7,7,7,7,7,0,35
779,,,4.8491E+11,,,,0,,6,6,6,6,6,0,30
780,,,4.8491E+11,,,,0,,6,6,6,6,6,0,30
781,,,4.8491E+11,,,,0,,13,13,13,13,13,0,65
782,,,4.8491E+11,,,,0,,35,35,35,35,35,0,175
783,,,4.8491E+11,,,,0,,11,11,11,11,11,0,55
784,,,4.8491E+11,,,,0,,1,1,1,1,1,0,5
785,,,4.8491E+11,,,,0,,11,11,11,11,11,0,55
786,,,4.8491E+11,,,,0,,5,5,5,5,5,0,25
787,,,4.8491E+11,,,,0,,6,6,6,6,6,0,30
788,,,4.8491E+11,,,,0,,5,5,5,5,5,0,25
789,,,4.8491E+11,,,,0,,4,4,4,4,4,0,20
790,,,4.8491E+11,,,,0,,4,4,4,4,4,0,20
791,,,4.8491E+11,,,,0,,2,2,2,2,2,0,10
792,,,4.8491E+11,,,,0,,6,6,6,6,6,0,30
793,,,4.8491E+11,,,,0,,13,13,13,13,13,0,65
794,,,4.8491E+11,,,,0,,9,9,9,9,9,0,45
795,,,4.8491E+11,,,,0,,7,7,7,7,7,0,35
796,,,4.8491E+11,,,,0,,10,10,10,10,10,0,50
797,,,4.8491E+11,,,,0,,6,6,6,6,6,0,30
798,,,4.8491E+11,,,,0,,12,12,12,12,12,0,60
799,,,4.8491E+11,,,,0,,3,3,3,3,3,0,15
800,,,4.8491E+11,,,,0,,13,13,13,13,13,0,65
801,,,4.8491E+11,,,,0,,6,6,6,6,6,0,30
802,,,4.8491E+11,,,,0,,5,5,5,5,5,0,25
803,,,4.8491E+11,,,,0,,8,8,8,8,8,0,40
804,,,4.8491E+11,,,,0,,14,14,14,14,14,0,70
805,,,4.8491E+11,,,,0,,18,18,18,18,18,0,90
806,,,4.8491E+11,,,,0,,8,8,8,8,8,0,40
807,,,4.8491E+11,,,,0,,8,8,8,8,8,0,40
808,,,4.8491E+11,,,,0,,8,8,8,8,8,0,40
809,,,4.8491E+11,,,,0,,5,5,5,5,5,0,25
810,,,4.8491E+11,,,,0,,6,6,6,6,6,0,30
811,,,4.8491E+11,,,,0,,13,13,13,13,13,0,65
812,,,4.8491E+11,,,,0,,10,10,10,10,10,0,50
813,,,4.8491E+11,,,,0,,2,2,2,2,2,0,10
814,,,4.8491E+11,,,,0,,17,17,17,17,17,0,85
815,,,4.8491E+11,,,,0,,8,8,8,8,8,0,40
816,,,4.8491E+11,,,,0,,6,6,6,6,6,0,30
817,,,4.8491E+11,,,,0,,36,36,36,36,36,0,180
818,,,4.8491E+11,,,,0,,13,13,13,13,13,0,65
819,,,4.8491E+11,,,,0,,40,40,40,40,40,0,200
820,,,4.8491E+11,,,,0,,21,21,21,21,21,0,105
821,,,4.8491E+11,,,,0,,10,10,10,10,10,0,50
822,,,4.8491E+11,,,,0,,4,4,4,4,4,0,20
823,,,4.8491E+11,,,,0,,13,13,13,13,13,0,65
824,,,4.8491E+11,,,,0,,11,11,11,11,11,0,55
825,,,4.8491E+11,,,,0,,6,6,6,6,6,0,30
826,,,4.8491E+11,,,,0,,17,17,17,17,17,0,85
827,,,4.8491E+11,,,,0,,3,3,3,3,3,0,15
828,,,4.8491E+11,,,,0,,8,8,8,8,8,0,40
829,,,4.8491E+11,,,,0,,3,3,3,3,3,0,15
830,,,4.8491E+11,,,,0,,1,1,1,1,1,0,5
831,,,4.8491E+11,,,,0,,4,4,4,4,4,0,20
832,,,4.8491E+11,,,,0,,18,18,18,18,18,0,90
833,,,4.8491E+11,,,,0,,8,8,8,8,8,0,40
834,,,4.8491E+11,,,,0,,10,10,10,10,10,0,50
835,,,4.8491E+11,,,,0,,13,13,13,13,13,0,65
836,,,4.8491E+11,,,,0,,20,20,20,20,20,0,100
837,,,4.8491E+11,,,,0,,56,56,56,56,56,0,280
838,,,4.8491E+11,,,,0,,1,1,1,1,1,0,5
839,,,4.8491E+11,,,,0,,16,16,16,16,16,0,80
840,,,4.8491E+11,,,,0,,29,29,29,29,29,0,145
841,,,4.8491E+11,,,,0,,8,8,8,8,8,0,40
842,,,4.8491E+11,,,,0,,5,5,5,5,5,0,25
843,,,4.8491E+11,,,,0,,9,9,9,9,9,0,45
844,,,4.8491E+11,,,,0,,14,14,14,14,14,0,70
845,,,4.8491E+11,,,,0,,4,4,4,4,4,0,20
846,,,4.8491E+11,,,,0,,11,11,11,11,11,0,55
847,,,4.8491E+11,,,,0,,3,3,3,3,3,0,15
848,,,4.8491E+11,,,,0,,8,8,8,8,8,0,40
849,,,4.8491E+11,,,,0,,7,7,7,7,7,0,35
850,,,4.8491E+11,,,,0,,14,14,14,14,14,0,70
851,,,4.8491E+11,,,,0,,25,25,25,25,25,0,125
852,,,4.8491E+11,,,,0,,4,4,4,4,4,0,20
853,,,4.8491E+11,,,,0,,5,5,5,5,5,0,25
854,,,4.8491E+11,,,,0,,12,12,12,12,12,0,60
855,,,4.8491E+11,,,,0,,16,16,16,16,16,0,80
856,,,4.8491E+11,,,,0,,14,14,14,14,14,0,70
857,,,4.8491E+11,,,,0,,17,17,17,17,17,0,85
858,,,4.8491E+11,,,,0,,11,11,11,11,11,0,55
859,,,4.8491E+11,,,,0,,5,5,5,5,5,0,25
860,,,4.8491E+11,,,,0,,8,8,8,8,8,0,40
861,,,4.8491E+11,,,,0,,8,8,8,8,8,0,40
862,,,4.8491E+11,,,,0,,5,5,5,5,5,0,25
863,,,4.8491E+11,,,,0,,5,5,5,5,5,0,25
864,,,4.8491E+11,,,,0,,4,4,4,4,4,0,20
865,,,4.8491E+11,,,,0,,35,35,35,35,35,0,175
866,,,4.8491E+11,,,,0,,13,13,13,13,13,0,65
867,,,4.8491E+11,,,,0,,30,30,30,30,30,0,150
868,,,4.8491E+11,,,,0,,38,38,38,38,38,0,190
869,,,4.8491E+11,,,,0,,125,125,125,125,125,0,625
870,,,4.8491E+11,,,,0,,14,14,14,14,14,0,70
871,,,4.8491E+11,,,,0,,14,14,14,14,14,0,70
872,,,4.8491E+11,,,,0,,9,9,9,9,9,0,45
873,,,4.8491E+11,,,,0,,32,32,32,32,32,0,160
874,,,4.8491E+11,,,,0,,13,13,13,13,13,0,65
875,,,4.8491E+11,,,,0,,12,12,12,12,12,0,60
876,,,4.8491E+11,,,,0,,21,21,21,21,21,0,105
877,,,4.8491E+11,,,,0,,16,16,16,16,16,0,80
878,,,4.8491E+11,,,,0,,17,17,17,17,17,0,85
879,,,4.8491E+11,,,,0,,21,21,21,21,21,0,105
880,,,4.8491E+11,,,,0,,6,6,6,6,6,0,30
881,,,4.8491E+11,,,,0,,2,2,2,2,2,0,10
882,,,4.8491E+11,,,,0,,2,2,2,2,2,0,10
883,,,4.8491E+11,,,,0,,7,7,7,7,7,0,35
884,,,4.8491E+11,,,,0,,4,4,4,4,4,0,20
885,,,4.8491E+11,,,,0,,3,3,3,3,3,0,15
886,,,4.8491E+11,,,,0,,4,4,4,4,4,0,20
887,,,4.8491E+11,,,,0,,7,7,7,7,7,0,35
888,,,4.8491E+11,,,,0,,8,8,8,8,8,0,40
889,,,4.8491E+11,,,,0,,6,6,6,6,6,0,30
890,,,4.8491E+11,,,,0,,7,7,7,7,7,0,35
891,,,4.8491E+11,,,,0,,3,3,3,3,3,0,15
892,,,4.8491E+11,,,,0,,4,4,4,4,4,0,20
893,,,4.8491E+11,,,,0,,3,3,3,3,3,0,15
894,,,4.8491E+11,,,,0,,1,1,1,1,1,0,5
895,,,4.8491E+11,,,,0,,4,4,4,4,4,0,20
896,,,4.8491E+11,,,,0,,7,7,7,7,7,0,35
897,,,4.8491E+11,,,,0,,3,3,3,3,3,0,15
898,,,4.8491E+11,,,,0,,1,1,1,1,1,0,5
899,,,4.8491E+11,,,,0,,2,2,2,2,2,0,10
900,,,4.8491E+11,,,,0,,8,8,8,8,8,0,40
901,,,4.8491E+11,,,,0,,1,1,1,1,1,0,5
902,,,4.8491E+11,,,,0,,1,1,1,1,1,0,5
903,,,4.8491E+11,,,,0,,5,5,5,5,5,0,25
904,,,4.8491E+11,,,,0,,1,1,1,1,1,0,5
905,,,4.8491E+11,,,,0,,3,3,3,3,3,0,15
906,,,4.8491E+11,,,,0,,4,4,4,4,4,0,20
907,,,4.8491E+11,,,,0,,14,14,14,14,14,0,70
908,,,4.8491E+11,,,,0,,5,5,5,5,5,0,25
909,,,4.8491E+11,,,,0,,11,11,11,11,11,0,55
910,,,4.8491E+11,,,,0,,6,6,6,6,6,0,30
911,,,4.8491E+11,,,,0,,10,10,10,10,10,0,50
912,,,4.8491E+11,,,,0,,7,7,7,7,7,0,35
913,,,4.8491E+11,,,,0,,3,3,3,3,3,0,15
914,,,4.8491E+11,,,,0,,12,12,12,12,12,0,60
915,,,4.8491E+11,,,,0,,17,17,17,17,17,0,85
916,,,4.8491E+11,,,,0,,1,1,1,1,1,0,5
917,,,4.8491E+11,,,,0,,1,1,1,1,1,0,5
918,,,4.8491E+11,,,,0,,1,1,1,1,1,0,5
919,,,4.8491E+11,,,,0,,1,1,1,1,1,0,5
920,,,4.8491E+11,,,,0,,12,12,12,12,12,0,60
921,,,4.8491E+11,,,,0,,14,14,14,14,14,0,70
922,,,4.8491E+11,,,,0,,4,4,4,4,4,0,20
923,,,4.8491E+11,,,,0,,7,7,7,7,7,0,35
924,,,4.8491E+11,,,,0,,10,10,10,10,10,0,50
925,,,4.8491E+11,,,,0,,13,13,13,13,13,0,65
926,,,4.8491E+11,,,,0,,4,4,4,4,4,0,20
927,,,4.8491E+11,,,,0,,15,15,15,15,15,0,75
928,,,4.8491E+11,,,,0,,6,6,6,6,6,0,30
929,,,4.8491E+11,,,,0,,2,2,2,2,2,0,10
930,,,4.8491E+11,,,,0,,9,9,9,9,9,0,45
931,,,4.8491E+11,,,,0,,28,28,28,28,28,0,140
932,,,4.8491E+11,,,,0,,13,13,13,13,13,0,65
933,,,4.8491E+11,,,,0,,38,38,38,38,38,0,190
934,,,4.8491E+11,,,,0,,6,6,6,6,6,0,30
935,,,4.8491E+11,,,,0,,5,5,5,5,5,0,25
936,,,4.8491E+11,,,,0,,5,5,5,5,5,0,25
937,,,4.8491E+11,,,,0,,9,9,9,9,9,0,45
938,,,4.8491E+11,,,,0,,10,10,10,10,10,0,50
939,,,4.8491E+11,,,,0,,32,32,32,32,32,0,160
940,,,4.8491E+11,,,,0,,9,9,9,9,9,0,45
941,,,4.8491E+11,,,,0,,4,4,4,4,4,0,20
942,,,4.8491E+11,,,,0,,3,3,3,3,3,0,15
943,,,4.8491E+11,,,,0,,36,36,36,36,36,0,180
944,,,4.8491E+11,,,,0,,9,9,9,9,9,0,45
945,,,4.8491E+11,,,,0,,11,11,11,11,11,0,55
946,,,4.8491E+11,,,,0,,12,12,12,12,12,0,60
947,,,4.8491E+11,,,,0,,17,17,17,17,17,0,85
948,,,4.8491E+11,,,,0,,9,9,9,9,9,0,45
949,,,4.8491E+11,,,,0,,1,1,1,1,1,0,5
950,,,4.8491E+11,,,,0,,2,2,2,2,2,0,10
951,,,4.8491E+11,,,,0,,3,3,3,3,3,0,15
952,,,4.8491E+11,,,,0,,2,2,2,2,2,0,10
953,,,4.8491E+11,,,,0,,3,3,3,3,3,0,15