taz,x,y,fleetShare
4849100000123,0,0,0.000517331
4845300000055,0,0,0.000517331
4845300001536,0,0,0.000517331
4802100001207,0,0,0.000517331
4820900000708,0,0,0.000517331
4805300001762,0,0,0.000517331
4805500001259,0,0,0.000517331
4802100001203,0,0,0.000517331
4845300000537,0,0,0.000517331
4845300000393,0,0,0.000517331
4845300000236,0,0,0.000517331
4849100000117,0,0,0.000517331
4849100001008,0,0,0.000517331
4820900000578,0,0,0.000517331
4805300001824,0,0,0.000517331
4820900000899,0,0,0.000517331
4849100001949,0,0,0.000517331
4845300000048,0,0,0.000517331
4820900000693,0,0,0.000517331
4845300000012,0,0,0.000517331
4849100001703,0,0,0.000517331
4820900000820,0,0,0.000517331
4849100000974,0,0,0.000517331
4820900000587,0,0,0.000517331
4845300001448,0,0,0.000517331
4849100001533,0,0,0.000517331
4845300001662,0,0,0.000517331
4849100000552,0,0,0.000517331
4802100001149,0,0,0.000517331
4845300000499,0,0,0.000517331
4845300000183,0,0,0.000517331
4849100001052,0,0,0.000517331
4845300000232,0,0,0.000517331
4845300000335,0,0,0.000517331
4849100001482,0,0,0.000517331
4849100001063,0,0,0.000517331
4849100001710,0,0,0.000517331
4845300000451,0,0,0.000517331
4845300001607,0,0,0.000517331
4849100001024,0,0,0.000517331
4802100001386,0,0,0.000517331
4849100001071,0,0,0.000517331
4849100000935,0,0,0.000517331
4849100001735,0,0,0.000517331
4845300001478,0,0,0.000517331
4849100001422,0,0,0.000517331
4845300000011,0,0,0.000517331
4845300000268,0,0,0.000517331
4805300001809,0,0,0.000517331
4802100001209,0,0,0.000517331
4845300000210,0,0,0.000517331
4805300001844,0,0,0.000517331
4849100000937,0,0,0.000517331
4849100001014,0,0,0.000517331
4845300000443,0,0,0.000517331
4845300000022,0,0,0.000517331
4805300001790,0,0,0.000517331
4820900000689,0,0,0.000517331
4849100001018,0,0,0.000517331
4845300000613,0,0,0.000517331
4845300001571,0,0,0.000517331
4845300001901,0,0,0.000517331
4849100001123,0,0,0.000517331
4849100000854,0,0,0.000517331
4845300000618,0,0,0.000517331
4805300001807,0,0,0.000517331
4845300000078,0,0,0.000517331
4820900001692,0,0,0.000517331
4820900000738,0,0,0.000517331
4845300000291,0,0,0.000517331
4820900000728,0,0,0.000517331
4849100001968,0,0,0.000517331
4820900001083,0,0,0.000517331
4845300000024,0,0,0.000517331
4805500001295,0,0,0.000517331
4845300000532,0,0,0.000517331
4849100001036,0,0,0.000517331
4805500001262,0,0,0.000517331
4849100000989,0,0,0.000517331
4849100001944,0,0,0.000517331
4845300001582,0,0,0.000517331
4845300001558,0,0,0.000517331
4845300000615,0,0,0.000517331
4805300001787,0,0,0.000517331
4845300001884,0,0,0.000517331
4849100001403,0,0,0.000517331
4845300001528,0,0,0.000517331
4820900000279,0,0,0.000517331
4820900001088,0,0,0.000517331
4849100000110,0,0,0.000517331
4845300001637,0,0,0.000517331
4805300001829,0,0,0.000517331
4802100001171,0,0,0.000517331
4849100001954,0,0,0.000517331
4805500001234,0,0,0.000517331
4849100000995,0,0,0.000517331
4849100000164,0,0,0.000517331
4845300001439,0,0,0.000517331
4805300001831,0,0,0.000517331
4845300000487,0,0,0.000517331
4849100000146,0,0,0.000517331
4820900000832,0,0,0.000517331
4849100001427,0,0,0.000517331
4845300001676,0,0,0.000517331
4845300000392,0,0,0.000517331
4849100001062,0,0,0.000517331
4849100000657,0,0,0.000517331
4845300000172,0,0,0.000517331
4845300001603,0,0,0.000517331
4820900000585,0,0,0.000517331
4849100001106,0,0,0.000517331
4845300001109,0,0,0.000517331
4849100000148,0,0,0.000517331
4845300000085,0,0,0.000517331
4845300001864,0,0,0.000517331
4802100001215,0,0,0.000517331
4820900000902,0,0,0.000517331
4820900000793,0,0,0.000517331
4820900001912,0,0,0.000517331
4849100000648,0,0,0.000517331
4849100000139,0,0,0.000517331
4845300000206,0,0,0.000517331
4820900000916,0,0,0.000517331
4849100001017,0,0,0.000517331
4845300001463,0,0,0.000517331
4820900000812,0,0,0.000517331
4845300001442,0,0,0.000517331
4805500001307,0,0,0.000517331
4845300001332,0,0,0.000517331
4845300000328,0,0,0.000517331
4845300001870,0,0,0.000517331
4845300000226,0,0,0.000517331
4845300001579,0,0,0.000517331
4845300000333,0,0,0.000517331
4845300000488,0,0,0.000517331
4849100001343,0,0,0.000517331
4849100001066,0,0,0.000517331
4805300001823,0,0,0.000517331
4820900000682,0,0,0.000517331
4820900000802,0,0,0.000517331
4805500001856,0,0,0.000517331
4845300001488,0,0,0.000517331
4845300000340,0,0,0.000517331
4845300001460,0,0,0.000517331
4849100000961,0,0,0.000517331
4845300001565,0,0,0.000517331
4805300001819,0,0,0.000517331
4845300000606,0,0,0.000517331
4849100000882,0,0,0.000517331
4845300000630,0,0,0.000517331
4845300000195,0,0,0.000517331
4845300000529,0,0,0.000517331
4845300000517,0,0,0.000517331
4802100001162,0,0,0.000517331
4820900000590,0,0,0.000517331
4845300000594,0,0,0.000517331
4845300000497,0,0,0.000517331
4845300000480,0,0,0.000517331
4845300001516,0,0,0.000517331
4849100000990,0,0,0.000517331
4849100000111,0,0,0.000517331
4849100000003,0,0,0.000517331
4805500001315,0,0,0.000517331
4845300000566,0,0,0.000517331
4845300001697,0,0,0.000517331
4820900000677,0,0,0.000517331
4845300000600,0,0,0.000517331
4820900000697,0,0,0.000517331
4845300000622,0,0,0.000517331
4849100000881,0,0,0.000517331
4845300000253,0,0,0.000517331
4849100000969,0,0,0.000517331
4845300000287,0,0,0.000517331
4849100000929,0,0,0.000517331
4820900000726,0,0,0.000517331
4845300000357,0,0,0.000517331
4820900001089,0,0,0.000517331
4820900000739,0,0,0.000517331
4845300001656,0,0,0.000517331
4820900001922,0,0,0.000517331
4849100000891,0,0,0.000517331
4845300001902,0,0,0.000517331
4820900001861,0,0,0.000517331
4845300001557,0,0,0.000517331
4849100000112,0,0,0.000517331
4805300001766,0,0,0.000517331
4845300000203,0,0,0.000517331
4849100000496,0,0,0.000517331
4849100001708,0,0,0.000517331
4845300001642,0,0,0.000517331
4849100000983,0,0,0.000517331
4820900000700,0,0,0.000517331
4845300000293,0,0,0.000517331
4849100001058,0,0,0.000517331
4802100001208,0,0,0.000517331
4845300000354,0,0,0.000517331
4849100000888,0,0,0.000517331
4805300001834,0,0,0.000517331
4805300001816,0,0,0.000517331
4845300001653,0,0,0.000517331
4820900000692,0,0,0.000517331
4849100000946,0,0,0.000517331
4849100001426,0,0,0.000517331
4845300000212,0,0,0.000517331
4845300000576,0,0,0.000517331
4845300000413,0,0,0.000517331
4849100000850,0,0,0.000517331
4849100001120,0,0,0.000517331
4845300000043,0,0,0.000517331
4845300000320,0,0,0.000517331
4845300000269,0,0,0.000517331
4849100000876,0,0,0.000517331
4845300000018,0,0,0.000517331
4845300000220,0,0,0.000517331
4845300001316,0,0,0.000517331
4845300000160,0,0,0.000517331
4805500001278,0,0,0.000517331
4820900001092,0,0,0.000517331
4849100001011,0,0,0.000517331
4845300000395,0,0,0.000517331
4849100000567,0,0,0.000517331
4845300001098,0,0,0.000517331
4849100001430,0,0,0.000517331
4845300000464,0,0,0.000517331
4845300001599,0,0,0.000517331
4849100001948,0,0,0.000517331
4845300000316,0,0,0.000517331
4802100001193,0,0,0.000517331
4805500001242,0,0,0.000517331
4845300000332,0,0,0.000517331
4802100001225,0,0,0.000517331
4849100001534,0,0,0.000517331
4845300000398,0,0,0.000517331
4845300000353,0,0,0.000517331
4845300000369,0,0,0.000517331
4820900001076,0,0,0.000517331
4845300001897,0,0,0.000517331
4845300001725,0,0,0.000517331
4820900000299,0,0,0.000517331
4845300000432,0,0,0.000517331
4845300001555,0,0,0.000517331
4849100001892,0,0,0.000517331
4845300001567,0,0,0.000517331
4845300000526,0,0,0.000517331
4802100001931,0,0,0.000517331
4845300000204,0,0,0.000517331
4820900000768,0,0,0.000517331
4849100000944,0,0,0.000517331
4845300000227,0,0,0.000517331
4849100001404,0,0,0.000517331
4845300000849,0,0,0.000517331
4849100001122,0,0,0.000517331
4820900000827,0,0,0.000517331
4802100001174,0,0,0.000517331
4802100001381,0,0,0.000517331
4849100000128,0,0,0.000517331
4849100000865,0,0,0.000517331
4845300001675,0,0,0.000517331
4802100001164,0,0,0.000517331
4849100000156,0,0,0.000517331
4845300000062,0,0,0.000517331
4845300000234,0,0,0.000517331
4820900001932,0,0,0.000517331
4845300000525,0,0,0.000517331
4845300001616,0,0,0.000517331
4849100000150,0,0,0.000517331
4845300001920,0,0,0.000517331
4802100001145,0,0,0.000517331
4820900000589,0,0,0.000517331
4802100001183,0,0,0.000517331
4820900000730,0,0,0.000517331
4845300000251,0,0,0.000517331
4805500001264,0,0,0.000517331
4820900001741,0,0,0.000517331
4845300000059,0,0,0.000517331
4805300001784,0,0,0.000517331
4845300001869,0,0,0.000517331
4805300001798,0,0,0.000517331
4805500001254,0,0,0.000517331
4845300001421,0,0,0.000517331
4845300000376,0,0,0.000517331
4849100001942,0,0,0.000517331
4849100001107,0,0,0.000517331
4845300000073,0,0,0.000517331
4845300000075,0,0,0.000517331
4849100000938,0,0,0.000517331
4820900000714,0,0,0.000517331
4820900001664,0,0,0.000517331
4802100001146,0,0,0.000517331
4820900000683,0,0,0.000517331
4849100000001,0,0,0.000517331
4845300000045,0,0,0.000517331
4845300000095,0,0,0.000517331
4820900000838,0,0,0.000517331
4845300000449,0,0,0.000517331
4849100001738,0,0,0.000517331
4820900000813,0,0,0.000517331
4845300001588,0,0,0.000517331
4805500001294,0,0,0.000517331
4849100001709,0,0,0.000517331
4845300000534,0,0,0.000517331
4845300001402,0,0,0.000517331
4845300000452,0,0,0.000517331
4802100001213,0,0,0.000517331
4845300001643,0,0,0.000517331
4849100001033,0,0,0.000517331
4849100001025,0,0,0.000517331
4845300000093,0,0,0.000517331
4845300001504,0,0,0.000517331
4820900000588,0,0,0.000517331
4845300000444,0,0,0.000517331
4845300001868,0,0,0.000517331
4849100000928,0,0,0.000517331
4849100000640,0,0,0.000517331
4849100000137,0,0,0.000517331
4845300000370,0,0,0.000517331
4845300000303,0,0,0.000517331
4845300000159,0,0,0.000517331
4845300000310,0,0,0.000517331
4820900001745,0,0,0.000517331
4845300000029,0,0,0.000517331
4845300000271,0,0,0.000517331
4849100000125,0,0,0.000517331
4845300001537,0,0,0.000517331
4845300001659,0,0,0.000517331
4845300000270,0,0,0.000517331
4849100001050,0,0,0.000517331
4845300001865,0,0,0.000517331
4805500001291,0,0,0.000517331
4820900000687,0,0,0.000517331
4820900000684,0,0,0.000517331
4849100000855,0,0,0.000517331
4845300001602,0,0,0.000517331
4805500001228,0,0,0.000517331
4845300001177,0,0,0.000517331
4845300000410,0,0,0.000517331
4849100001013,0,0,0.000517331
4845300000254,0,0,0.000517331
4849100001105,0,0,0.000517331
4820900000801,0,0,0.000517331
4820900000744,0,0,0.000517331
4849100000927,0,0,0.000517331
4805300001769,0,0,0.000517331
4845300001513,0,0,0.000517331
4849100001021,0,0,0.000517331
4845300001880,0,0,0.000517331
4845300000572,0,0,0.000517331
4845300001627,0,0,0.000517331
4820900000670,0,0,0.000517331
4845300001441,0,0,0.000517331
4802100001173,0,0,0.000517331
4820900000732,0,0,0.000517331
4845300000531,0,0,0.000517331
4849100000665,0,0,0.000517331
4849100000871,0,0,0.000517331
4849100000853,0,0,0.000517331
4820900000797,0,0,0.000517331
4820900000922,0,0,0.000517331
4845300000215,0,0,0.000517331
4845300001462,0,0,0.000517331
4805300001825,0,0,0.000517331
4845300000476,0,0,0.000517331
4845300001529,0,0,0.000517331
4845300001525,0,0,0.000517331
4802100001390,0,0,0.000517331
4805500001253,0,0,0.000517331
4845300001495,0,0,0.000517331
4845300001110,0,0,0.000517331
4845300000512,0,0,0.000517331
4845300000308,0,0,0.000517331
4845300000535,0,0,0.000517331
4849100000661,0,0,0.000517331
4845300000261,0,0,0.000517331
4805500001853,0,0,0.000517331
4820900000701,0,0,0.000517331
4849100000987,0,0,0.000517331
4845300001575,0,0,0.000517331
4845300001409,0,0,0.000517331
4849100001020,0,0,0.000517331
4802100001211,0,0,0.000517331
4820900000494,0,0,0.000517331
4849100001587,0,0,0.000517331
4849100001416,0,0,0.000517331
4805300001836,0,0,0.000517331
4845300001645,0,0,0.000517331
4845300000524,0,0,0.000517331
4849100001907,0,0,0.000517331
4820900000699,0,0,0.000517331
4845300000004,0,0,0.000517331
4820900000785,0,0,0.000517331
4845300000090,0,0,0.000517331
4845300000300,0,0,0.000517331
4802100001186,0,0,0.000517331
4845300000407,0,0,0.000517331
4845300000555,0,0,0.000517331
4849100000404,0,0,0.000517331
4845300000031,0,0,0.000517331
4820900000324,0,0,0.000517331
4849100000007,0,0,0.000517331
4845300000070,0,0,0.000517331
4845300001570,0,0,0.000517331
4849100000949,0,0,0.000517331
4845300000285,0,0,0.000517331
4805500001859,0,0,0.000517331
4845300000089,0,0,0.000517331
4845300001517,0,0,0.000517331
4845300000225,0,0,0.000517331
4845300000397,0,0,0.000517331
4849100000978,0,0,0.000517331
4802100001218,0,0,0.000517331
4845300001679,0,0,0.000517331
4849100001047,0,0,0.000517331
4805300001841,0,0,0.000517331
4845300000379,0,0,0.000517331
4845300000244,0,0,0.000517331
4845300001514,0,0,0.000517331
4845300001446,0,0,0.000517331
4802100001221,0,0,0.000517331
4845300001641,0,0,0.000517331
4849100001970,0,0,0.000517331
4802100001222,0,0,0.000517331
4845300001873,0,0,0.000517331
4845300000390,0,0,0.000517331
4849100001010,0,0,0.000517331
4820900000913,0,0,0.000517331
4849100000981,0,0,0.000517331
4802100001226,0,0,0.000517331
4802100001184,0,0,0.000517331
4849100000047,0,0,0.000517331
4845300000418,0,0,0.000517331
4845300001699,0,0,0.000517331
4820900001328,0,0,0.000517331
4820900000811,0,0,0.000517331
4845300001713,0,0,0.000517331
4849100001041,0,0,0.000517331
4849100000119,0,0,0.000517331
4805500001241,0,0,0.000517331
4820900001747,0,0,0.000517331
4849100000852,0,0,0.000517331
4849100000948,0,0,0.000517331
4845300000604,0,0,0.000517331
4845300000383,0,0,0.000517331
4805500001308,0,0,0.000517331
4845300000092,0,0,0.000517331
4845300001612,0,0,0.000517331
4849100001966,0,0,0.000517331
4845300000596,0,0,0.000517331
4845300000342,0,0,0.000517331
4802100001214,0,0,0.000517331
4805500001239,0,0,0.000517331
4805300001764,0,0,0.000517331
4845300001606,0,0,0.000517331
4845300000198,0,0,0.000517331
4849100000930,0,0,0.000517331
4849100001947,0,0,0.000517331
4849100000366,0,0,0.000517331
4849100001705,0,0,0.000517331
4849100000959,0,0,0.000517331
4849100001040,0,0,0.000517331
4820900001078,0,0,0.000517331
4820900000766,0,0,0.000517331
4820900001329,0,0,0.000517331
4845300000336,0,0,0.000517331
4845300001694,0,0,0.000517331
4845300001500,0,0,0.000517331
4845300001631,0,0,0.000517331
4845300000258,0,0,0.000517331
4845300001411,0,0,0.000517331
4845300000071,0,0,0.000517331
4805500001282,0,0,0.000517331
4820900000900,0,0,0.000517331
4849100000862,0,0,0.000517331
4845300001485,0,0,0.000517331
4845300000249,0,0,0.000517331
4820900001325,0,0,0.000517331
4845300001614,0,0,0.000517331
4849100001004,0,0,0.000517331
4845300001674,0,0,0.000517331
4820900000905,0,0,0.000517331
4849100000106,0,0,0.000517331
4845300001335,0,0,0.000517331
4820900001087,0,0,0.000517331
4849100000147,0,0,0.000517331
4845300000617,0,0,0.000517331
4849100000964,0,0,0.000517331
4849100001038,0,0,0.000517331
4845300001101,0,0,0.000517331
4849100000659,0,0,0.000517331
4805300001794,0,0,0.000517331
4802100001198,0,0,0.000517331
4802100001153,0,0,0.000517331
4845300001337,0,0,0.000517331
4805300001837,0,0,0.000517331
4805500001246,0,0,0.000517331
4849100000646,0,0,0.000517331
4845300000474,0,0,0.000517331
4849100001037,0,0,0.000517331
4849100001065,0,0,0.000517331
4845300000311,0,0,0.000517331
4845300001618,0,0,0.000517331
4845300000304,0,0,0.000517331
4849100001048,0,0,0.000517331
4845300001629,0,0,0.000517331
4849100001400,0,0,0.000517331
4845300001651,0,0,0.000517331
4845300000389,0,0,0.000517331
4805500001263,0,0,0.000517331
4849100000122,0,0,0.000517331
4805300001890,0,0,0.000517331
4820900000577,0,0,0.000517331
4845300001476,0,0,0.000517331
4845300000046,0,0,0.000517331
4845300000507,0,0,0.000517331
4805500001274,0,0,0.000517331
4845300000019,0,0,0.000517331
4845300001341,0,0,0.000517331
4820900000735,0,0,0.000517331
4802100001155,0,0,0.000517331
4845300001611,0,0,0.000517331
4849100000856,0,0,0.000517331
4849100000861,0,0,0.000517331
4820900000898,0,0,0.000517331
4849100000145,0,0,0.000517331
4845300000527,0,0,0.000517331
4802100001925,0,0,0.000517331
4820900000918,0,0,0.000517331
4805500001310,0,0,0.000517331
4820900000911,0,0,0.000517331
4805500001365,0,0,0.000517331
4802100001389,0,0,0.000517331
4849100001344,0,0,0.000517331
4845300000094,0,0,0.000517331
4820900000731,0,0,0.000517331
4820900000809,0,0,0.000517331
4845300000264,0,0,0.000517331
4802100001167,0,0,0.000517331
4805300001801,0,0,0.000517331
4845300000387,0,0,0.000517331
4820900000775,0,0,0.000517331
4845300000454,0,0,0.000517331
4805300001761,0,0,0.000517331
4845300000458,0,0,0.000517331
4845300000188,0,0,0.000517331
4845300001600,0,0,0.000517331
4845300000315,0,0,0.000517331
4849100000869,0,0,0.000517331
4845300001649,0,0,0.000517331
4845300000038,0,0,0.000517331
4845300001461,0,0,0.000517331
4845300000461,0,0,0.000517331
4820900000807,0,0,0.000517331
4802100001212,0,0,0.000517331
4845300001573,0,0,0.000517331
4845300001484,0,0,0.000517331
4805300001936,0,0,0.000517331
4849100000652,0,0,0.000517331
4802100001217,0,0,0.000517331
4849100001425,0,0,0.000517331
4805500001854,0,0,0.000517331
4820900001459,0,0,0.000517331
4820900001492,0,0,0.000517331
4849100000569,0,0,0.000517331
4845300000042,0,0,0.000517331
4802100001380,0,0,0.000517331
4845300000368,0,0,0.000517331
4845300000426,0,0,0.000517331
4849100001586,0,0,0.000517331
4820900000903,0,0,0.000517331
4845300000528,0,0,0.000517331
4849100000638,0,0,0.000517331
4820900001090,0,0,0.000517331
4820900000678,0,0,0.000517331
4820900001744,0,0,0.000517331
4845300000846,0,0,0.000517331
4849100001039,0,0,0.000517331
4845300000384,0,0,0.000517331
4845300001487,0,0,0.000517331
4845300000281,0,0,0.000517331
4845300000385,0,0,0.000517331
4849100001003,0,0,0.000517331
4845300001363,0,0,0.000517331
4820900000580,0,0,0.000517331
4845300000080,0,0,0.000517331
4845300001715,0,0,0.000517331
4845300000556,0,0,0.000517331
4805300001839,0,0,0.000517331
4805500001855,0,0,0.000517331
4845300000360,0,0,0.000517331
4849100000162,0,0,0.000517331
4845300000608,0,0,0.000517331
4845300001507,0,0,0.000517331
4845300000540,0,0,0.000517331
4845300001903,0,0,0.000517331
4849100000641,0,0,0.000517331
4802100001220,0,0,0.000517331
4849100000134,0,0,0.000517331
4845300001722,0,0,0.000517331
4820900000764,0,0,0.000517331
4805500001285,0,0,0.000517331
4820900000680,0,0,0.000517331
4845300000025,0,0,0.000517331
4849100000165,0,0,0.000517331
4845300001472,0,0,0.000517331
4820900000828,0,0,0.000517331
4820900000819,0,0,0.000517331
4849100000573,0,0,0.000517331
4845300000322,0,0,0.000517331
4805300001840,0,0,0.000517331
4845300001693,0,0,0.000517331
4849100000135,0,0,0.000517331
4820900000686,0,0,0.000517331
4820900000921,0,0,0.000517331
4805300001792,0,0,0.000517331
4849100000115,0,0,0.000517331
4845300001523,0,0,0.000517331
4845300000309,0,0,0.000517331
4820900000786,0,0,0.000517331
4849100000108,0,0,0.000517331
4845300001899,0,0,0.000517331
4849100000030,0,0,0.000517331
4845300001519,0,0,0.000517331
4845300000405,0,0,0.000517331
4845300000468,0,0,0.000517331
4845300000039,0,0,0.000517331
4820900000591,0,0,0.000517331
4802100001148,0,0,0.000517331
4849100000655,0,0,0.000517331
4845300001597,0,0,0.000517331
4849100000660,0,0,0.000517331
4845300000216,0,0,0.000517331
4849100000446,0,0,0.000517331
4845300000284,0,0,0.000517331
4845300001540,0,0,0.000517331
4820900000896,0,0,0.000517331
4845300001665,0,0,0.000517331
4849100000924,0,0,0.000517331
4820900000826,0,0,0.000517331
4820900000778,0,0,0.000517331
4845300001727,0,0,0.000517331
4820900000712,0,0,0.000517331
4845300000423,0,0,0.000517331
4849100001124,0,0,0.000517331
4845300000252,0,0,0.000517331
4845300000274,0,0,0.000517331
4849100000143,0,0,0.000517331
4845300000523,0,0,0.000517331
4845300000459,0,0,0.000517331
4820900000773,0,0,0.000517331
4849100001350,0,0,0.000517331
4805500001231,0,0,0.000517331
4845300000533,0,0,0.000517331
4849100000951,0,0,0.000517331
4849100001896,0,0,0.000517331
4849100001057,0,0,0.000517331
4845300001568,0,0,0.000517331
4849100000939,0,0,0.000517331
4845300000495,0,0,0.000517331
4845300000473,0,0,0.000517331
4845300000067,0,0,0.000517331
4845300000361,0,0,0.000517331
4820900001749,0,0,0.000517331
4820900000729,0,0,0.000517331
4845300000548,0,0,0.000517331
4805500001230,0,0,0.000517331
4845300000217,0,0,0.000517331
4820900000579,0,0,0.000517331
4849100001429,0,0,0.000517331
4845300001714,0,0,0.000517331
4845300001583,0,0,0.000517331
4845300001352,0,0,0.000517331
4802100001367,0,0,0.000517331
4849100001056,0,0,0.000517331
4802100001392,0,0,0.000517331
4820900000894,0,0,0.000517331
4820900000740,0,0,0.000517331
4805500001245,0,0,0.000517331
4845300000037,0,0,0.000517331
4845300001914,0,0,0.000517331
4849100001359,0,0,0.000517331
4849100000633,0,0,0.000517331
4805500001265,0,0,0.000517331
4845300001520,0,0,0.000517331
4849100000940,0,0,0.000517331
4845300000477,0,0,0.000517331
4802100001202,0,0,0.000517331
4845300001574,0,0,0.000517331
4845300000084,0,0,0.000517331
4849100000154,0,0,0.000517331
4820900001605,0,0,0.000517331
4820900000836,0,0,0.000517331
4820900000767,0,0,0.000517331
4845300000492,0,0,0.000517331
4849100000864,0,0,0.000517331
4845300001601,0,0,0.000517331
4849100000945,0,0,0.000517331
4845300000493,0,0,0.000517331
4805300001797,0,0,0.000517331
4849100000860,0,0,0.000517331
4845300000101,0,0,0.000517331
4820900000840,0,0,0.000517331
4845300001610,0,0,0.000517331
4849100000639,0,0,0.000517331
4845300000399,0,0,0.000517331
4802100001368,0,0,0.000517331
4849100001045,0,0,0.000517331
4805300001779,0,0,0.000517331
4802100001154,0,0,0.000517331
4845300000374,0,0,0.000517331
4802100001129,0,0,0.000517331
4820900000824,0,0,0.000517331
4805500001271,0,0,0.000517331
4845300000041,0,0,0.000517331
4845300000020,0,0,0.000517331
4845300001115,0,0,0.000517331
4820900000278,0,0,0.000517331
4849100001059,0,0,0.000517331
4845300000664,0,0,0.000517331
4820900000800,0,0,0.000517331
4845300000550,0,0,0.000517331
4802100001135,0,0,0.000517331
4805300001775,0,0,0.000517331
4845300000561,0,0,0.000517331
4845300000087,0,0,0.000517331
4849100000636,0,0,0.000517331
4820900000584,0,0,0.000517331
4849100001881,0,0,0.000517331
4845300000565,0,0,0.000517331
4849100000943,0,0,0.000517331
4845300001467,0,0,0.000517331
4845300000330,0,0,0.000517331
4845300000433,0,0,0.000517331
4849100000877,0,0,0.000517331
4845300000255,0,0,0.000517331
4845300000265,0,0,0.000517331
4845300000238,0,0,0.000517331
4845300000173,0,0,0.000517331
4805300001754,0,0,0.000517331
4805300001755,0,0,0.000517331
4849100000886,0,0,0.000517331
4849100001739,0,0,0.000517331
4849100001707,0,0,0.000517331
4845300001473,0,0,0.000517331
4845300001501,0,0,0.000517331
4849100000984,0,0,0.000517331
4802100001158,0,0,0.000517331
4845300000628,0,0,0.000517331
4845300001331,0,0,0.000517331
4845300001863,0,0,0.000517331
4849100000651,0,0,0.000517331
4845300000489,0,0,0.000517331
4845300000248,0,0,0.000517331
4805500001227,0,0,0.000517331
4845300000371,0,0,0.000517331
4805300001838,0,0,0.000517331
4802100001200,0,0,0.000517331
4845300001615,0,0,0.000517331
4820900000843,0,0,0.000517331
4820900000901,0,0,0.000517331
4802100001160,0,0,0.000517331
4845300000017,0,0,0.000517331
4845300001544,0,0,0.000517331
4845300000294,0,0,0.000517331
4805300001820,0,0,0.000517331
4845300000544,0,0,0.000517331
4820900000822,0,0,0.000517331
4805500001276,0,0,0.000517331
4845300001475,0,0,0.000517331
4805300001785,0,0,0.000517331
4849100000982,0,0,0.000517331
4845300001658,0,0,0.000517331
4802100001190,0,0,0.000517331
4845300001915,0,0,0.000517331
4845300000326,0,0,0.000517331
4845300000282,0,0,0.000517331
4820900000716,0,0,0.000517331
4845300000184,0,0,0.000517331
4805500001313,0,0,0.000517331
4845300001548,0,0,0.000517331
4805500001251,0,0,0.000517331
4845300000414,0,0,0.000517331
4845300001589,0,0,0.000517331
4849100000649,0,0,0.000517331
4845300000176,0,0,0.000517331
4845300001628,0,0,0.000517331
4845300000467,0,0,0.000517331
4845300001499,0,0,0.000517331
4820900000841,0,0,0.000517331
4849100001952,0,0,0.000517331
4820900000757,0,0,0.000517331
4805500001299,0,0,0.000517331
4805500001935,0,0,0.000517331
4849100000637,0,0,0.000517331
4820900001691,0,0,0.000517331
4820900000907,0,0,0.000517331
4845300000209,0,0,0.000517331
4820900000912,0,0,0.000517331
4849100001042,0,0,0.000517331
4849100001104,0,0,0.000517331
4845300000035,0,0,0.000517331
4845300000053,0,0,0.000517331
4845300000624,0,0,0.000517331
4820900000821,0,0,0.000517331
4845300000539,0,0,0.000517331
4849100000650,0,0,0.000517331
4805300001776,0,0,0.000517331
4805300001937,0,0,0.000517331
4802100001168,0,0,0.000517331
4845300001623,0,0,0.000517331
4845300001451,0,0,0.000517331
4849100001361,0,0,0.000517331
4805500001296,0,0,0.000517331
4849100000149,0,0,0.000517331
4849100001067,0,0,0.000517331
4849100000543,0,0,0.000517331
4845300001622,0,0,0.000517331
4849100001035,0,0,0.000517331
4845300000341,0,0,0.000517331
4820900000771,0,0,0.000517331
4849100000950,0,0,0.000517331
4845300001632,0,0,0.000517331
4845300000061,0,0,0.000517331
4845300001681,0,0,0.000517331
4849100001012,0,0,0.000517331
4820900001933,0,0,0.000517331
4849100000957,0,0,0.000517331
4845300000483,0,0,0.000517331
4845300001454,0,0,0.000517331
4820900000845,0,0,0.000517331
4820900001418,0,0,0.000517331
4849100001532,0,0,0.000517331
4802100001378,0,0,0.000517331
4845300000601,0,0,0.000517331
4845300001668,0,0,0.000517331
4845300001515,0,0,0.000517331
4845300000362,0,0,0.000517331
4845300000359,0,0,0.000517331
4820900000754,0,0,0.000517331
4845300001608,0,0,0.000517331
4849100001956,0,0,0.000517331
4849100000152,0,0,0.000517331
4845300000597,0,0,0.000517331
4845300000086,0,0,0.000517331
4849100000986,0,0,0.000517331
4849100001408,0,0,0.000517331
4805500001268,0,0,0.000517331
4845300001524,0,0,0.000517331
4849100000889,0,0,0.000517331
4845300001435,0,0,0.000517331
4802100001172,0,0,0.000517331
4845300000545,0,0,0.000517331
4820900000834,0,0,0.000517331
4845300001546,0,0,0.000517331
4845300001846,0,0,0.000517331
4802100001165,0,0,0.000517331
4845300001351,0,0,0.000517331
4845300001682,0,0,0.000517331
4845300000625,0,0,0.000517331
4845300001734,0,0,0.000517331
4845300001720,0,0,0.000517331
4820900000745,0,0,0.000517331
4845300001470,0,0,0.000517331
4802100001182,0,0,0.000517331
4845300000296,0,0,0.000517331
4845300001483,0,0,0.000517331
4845300000486,0,0,0.000517331
4849100001950,0,0,0.000517331
4849100001434,0,0,0.000517331
4845300001553,0,0,0.000517331
4849100001028,0,0,0.000517331
4849100001074,0,0,0.000517331
4849100001032,0,0,0.000517331
4845300000056,0,0,0.000517331
4849100000954,0,0,0.000517331
4845300000228,0,0,0.000517331
4845300001596,0,0,0.000517331
4820900000909,0,0,0.000517331
4849100001433,0,0,0.000517331
4845300001554,0,0,0.000517331
4845300000425,0,0,0.000517331
4845300001730,0,0,0.000517331
4845300000810,0,0,0.000517331
4849100000141,0,0,0.000517331
4849100000941,0,0,0.000517331
4849100001355,0,0,0.000517331
4845300001512,0,0,0.000517331
4845300000259,0,0,0.000517331
4845300000356,0,0,0.000517331
4849100000168,0,0,0.000517331
4820900000306,0,0,0.000517331
4820900000725,0,0,0.000517331
4845300001096,0,0,0.000517331
4849100001963,0,0,0.000517331
4845300001443,0,0,0.000517331
4845300000079,0,0,0.000517331
4845300001522,0,0,0.000517331
4845300001684,0,0,0.000517331
4845300000408,0,0,0.000517331
4845300000186,0,0,0.000517331
4845300000211,0,0,0.000517331
4845300000411,0,0,0.000517331
4849100000161,0,0,0.000517331
4805500001240,0,0,0.000517331
4845300000484,0,0,0.000517331
4802100001191,0,0,0.000517331
4845300000475,0,0,0.000517331
4820900001080,0,0,0.000517331
4849100000872,0,0,0.000517331
4849100001432,0,0,0.000517331
4849100001125,0,0,0.000517331
4849100001604,0,0,0.000517331
4849100000858,0,0,0.000517331
4849100000463,0,0,0.000517331
4849100000958,0,0,0.000517331
4849100000870,0,0,0.000517331
4849100001034,0,0,0.000517331
4849100000867,0,0,0.000517331
4820900000719,0,0,0.000517331
4849100001955,0,0,0.000517331
4845300000490,0,0,0.000517331
4845300001497,0,0,0.000517331
4845300000196,0,0,0.000517331
4820900000751,0,0,0.000517331
4849100001358,0,0,0.000517331
4849100001957,0,0,0.000517331
4845300000021,0,0,0.000517331
4849100001061,0,0,0.000517331
4820900000908,0,0,0.000517331
4849100000103,0,0,0.000517331
4845300001538,0,0,0.000517331
4845300000334,0,0,0.000517331
4845300000057,0,0,0.000517331
4845300000558,0,0,0.000517331
4802100001180,0,0,0.000517331
4849100000104,0,0,0.000517331
4802100001185,0,0,0.000517331
4845300001445,0,0,0.000517331
4845300000026,0,0,0.000517331
4845300001560,0,0,0.000517331
4849100000873,0,0,0.000517331
4849100000985,0,0,0.000517331
4845300000343,0,0,0.000517331
4820900000777,0,0,0.000517331
4845300000214,0,0,0.000517331
4845300001696,0,0,0.000517331
4845300001871,0,0,0.000517331
4845300000472,0,0,0.000517331
4805300001822,0,0,0.000517331
4820900000792,0,0,0.000517331
4845300000553,0,0,0.000517331
4849100001961,0,0,0.000517331
4820900000750,0,0,0.000517331
4820900001502,0,0,0.000517331
4820900000705,0,0,0.000517331
4802100001179,0,0,0.000517331
4845300001918,0,0,0.000517331
4845300001580,0,0,0.000517331
4845300000240,0,0,0.000517331
4845300000290,0,0,0.000517331
4820900000781,0,0,0.000517331
4805300001826,0,0,0.000517331
4849100000470,0,0,0.000517331
4849100001007,0,0,0.000517331
4820900000919,0,0,0.000517331
4849100000885,0,0,0.000517331
4845300000439,0,0,0.000517331
4849100000163,0,0,0.000517331
4820900000702,0,0,0.000517331
4820900000737,0,0,0.000517331
4805300001889,0,0,0.000517331
4820900000761,0,0,0.000517331
4820900000816,0,0,0.000517331
4845300000221,0,0,0.000517331
4845300001726,0,0,0.000517331
4849100000647,0,0,0.000517331
4849100001953,0,0,0.000517331
4805500001277,0,0,0.000517331
4805300001817,0,0,0.000517331
4802100001169,0,0,0.000517331
4849100000136,0,0,0.000517331
4805500001286,0,0,0.000517331
4849100000883,0,0,0.000517331
4805500001292,0,0,0.000517331
4820900000688,0,0,0.000517331
4845300000170,0,0,0.000517331
4802100001161,0,0,0.000517331
4845300001733,0,0,0.000517331
4820900000756,0,0,0.000517331
4849100000868,0,0,0.000517331
4845300000522,0,0,0.000517331
4845300000509,0,0,0.000517331
4845300000247,0,0,0.000517331
4845300000415,0,0,0.000517331
4805500001248,0,0,0.000517331
4802100001929,0,0,0.000517331
4820900000784,0,0,0.000517331
4845300000593,0,0,0.000517331
4845300001685,0,0,0.000517331
4820900001085,0,0,0.000517331
4845300000427,0,0,0.000517331
4845300000391,0,0,0.000517331
4845300000847,0,0,0.000517331
4805500001255,0,0,0.000517331
4802100001383,0,0,0.000517331
4820900000710,0,0,0.000517331
4849100001102,0,0,0.000517331
4845300001333,0,0,0.000517331
4805300001789,0,0,0.000517331
4820900000706,0,0,0.000517331
4845300000194,0,0,0.000517331
4820900000842,0,0,0.000517331
4802100001387,0,0,0.000517331
4849100000654,0,0,0.000517331
4845300000064,0,0,0.000517331
4845300000157,0,0,0.000517331
4845300000058,0,0,0.000517331
4805500001293,0,0,0.000517331
4820900000762,0,0,0.000517331
4845300001584,0,0,0.000517331
4849100001423,0,0,0.000517331
4845300000560,0,0,0.000517331
4845300000097,0,0,0.000517331
4845300000191,0,0,0.000517331
4845300000192,0,0,0.000517331
4845300000614,0,0,0.000517331
4820900001086,0,0,0.000517331
4845300001323,0,0,0.000517331
4845300001888,0,0,0.000517331
4845300001455,0,0,0.000517331
4845300000338,0,0,0.000517331
4845300000006,0,0,0.000517331
4820900000720,0,0,0.000517331
4820900001690,0,0,0.000517331
4805500001305,0,0,0.000517331
4849100000140,0,0,0.000517331
4820900001491,0,0,0.000517331
4849100001701,0,0,0.000517331
4805500001306,0,0,0.000517331
4845300000077,0,0,0.000517331
4849100001342,0,0,0.000517331
4849100001736,0,0,0.000517331
4849100001322,0,0,0.000517331
4845300000515,0,0,0.000517331
4845300000066,0,0,0.000517331
4845300000096,0,0,0.000517331
4802100001138,0,0,0.000517331
4845300001724,0,0,0.000517331
4845300000266,0,0,0.000517331
4849100001972,0,0,0.000517331
4802100001177,0,0,0.000517331
4845300001718,0,0,0.000517331
4820900000743,0,0,0.000517331
4820900001688,0,0,0.000517331
4845300000621,0,0,0.000517331
4845300000351,0,0,0.000517331
4845300000083,0,0,0.000517331
4845300000364,0,0,0.000517331
4849100001480,0,0,0.000517331
4845300000530,0,0,0.000517331
4845300000256,0,0,0.000517331
4845300001639,0,0,0.000517331
4849100001898,0,0,0.000517331
4845300000437,0,0,0.000517331
4849100000130,0,0,0.000517331
4849100001001,0,0,0.000517331
4849100000129,0,0,0.000517331
4845300001530,0,0,0.000517331
4845300001657,0,0,0.000517331
4845300001464,0,0,0.000517331
4805500001283,0,0,0.000517331
4845300000224,0,0,0.000517331
4805300001752,0,0,0.000517331
4805500001258,0,0,0.000517331
4845300000319,0,0,0.000517331
4845300000416,0,0,0.000517331
4845300001845,0,0,0.000517331
4820900001077,0,0,0.000517331
4802100001137,0,0,0.000517331
4849100001407,0,0,0.000517331
4805500001249,0,0,0.000517331
4849100001885,0,0,0.000517331
4845300001751,0,0,0.000517331
4820900000897,0,0,0.000517331
4805300001796,0,0,0.000517331
4845300000559,0,0,0.000517331
4845300000233,0,0,0.000517331
4805300001791,0,0,0.000517331
4805500001303,0,0,0.000517331
4845300000288,0,0,0.000517331
4845300000466,0,0,0.000517331
4849100000631,0,0,0.000517331
4820900000541,0,0,0.000517331
4849100001431,0,0,0.000517331
4849100000874,0,0,0.000517331
4820900000895,0,0,0.000517331
4849100001026,0,0,0.000517331
4845300001671,0,0,0.000517331
4849100001424,0,0,0.000517331
4849100001960,0,0,0.000517331
4820900000752,0,0,0.000517331
4845300000223,0,0,0.000517331
4845300000592,0,0,0.000517331
4845300001469,0,0,0.000517331
4849100001904,0,0,0.000517331
4845300001647,0,0,0.000517331
4845300000429,0,0,0.000517331
4845300000516,0,0,0.000517331
4845300000060,0,0,0.000517331
4845300001564,0,0,0.000517331
4849100001887,0,0,0.000517331
4845300001683,0,0,0.000517331
4805300001939,0,0,0.000517331
4845300000549,0,0,0.000517331
4802100001391,0,0,0.000517331
4802100001384,0,0,0.000517331
4845300000502,0,0,0.000517331
4802100001197,0,0,0.000517331
4845300000267,0,0,0.000517331
4845300000063,0,0,0.000517331
4849100000645,0,0,0.000517331
4849100001046,0,0,0.000517331
4820900000747,0,0,0.000517331
4820900000915,0,0,0.000517331
4845300001646,0,0,0.000517331
4845300000027,0,0,0.000517331
4845300001917,0,0,0.000517331
4820900000806,0,0,0.000517331
4805300001753,0,0,0.000517331
4845300001526,0,0,0.000517331
4805500001297,0,0,0.000517331
4845300001550,0,0,0.000517331
4820900000779,0,0,0.000517331
4849100001055,0,0,0.000517331
4845300000076,0,0,0.000517331
4845300001919,0,0,0.000517331
4845300000514,0,0,0.000517331
4849100001002,0,0,0.000517331
4802100001192,0,0,0.000517331
4802100001147,0,0,0.000517331
4845300000381,0,0,0.000517331
4805500001301,0,0,0.000517331
4849100000972,0,0,0.000517331
4849100001068,0,0,0.000517331
4845300000602,0,0,0.000517331
4820900000675,0,0,0.000517331
4820900001079,0,0,0.000517331
4849100001060,0,0,0.000517331
4845300001598,0,0,0.000517331
4820900000829,0,0,0.000517331
4820900000817,0,0,0.000517331
4805500001312,0,0,0.000517331
4845300000197,0,0,0.000517331
4845300001850,0,0,0.000517331
4845300001680,0,0,0.000517331
4820900000917,0,0,0.000517331
4802100001201,0,0,0.000517331
4845300000610,0,0,0.000517331
4845300000239,0,0,0.000517331
4820900000674,0,0,0.000517331
4845300000378,0,0,0.000517331
4802100001133,0,0,0.000517331
4849100000574,0,0,0.000517331
4849100000966,0,0,0.000517331
4849100000568,0,0,0.000517331
4802100001371,0,0,0.000517331
4845300001498,0,0,0.000517331
4820900000848,0,0,0.000517331
4820900001689,0,0,0.000517331
4849100001031,0,0,0.000517331
4849100001019,0,0,0.000517331
4849100000632,0,0,0.000517331
4845300000504,0,0,0.000517331
4845300001636,0,0,0.000517331
4805500001243,0,0,0.000517331
4845300000193,0,0,0.000517331
4849100001103,0,0,0.000517331
4820900001327,0,0,0.000517331
4805300001828,0,0,0.000517331
4805300001788,0,0,0.000517331
4849100000002,0,0,0.000517331
4845300000435,0,0,0.000517331
4849100000571,0,0,0.000517331
4845300000005,0,0,0.000517331
4849100001073,0,0,0.000517331
4845300001527,0,0,0.000517331
4802100001369,0,0,0.000517331
4849100001111,0,0,0.000517331
4802100001188,0,0,0.000517331
4802100001144,0,0,0.000517331
4849100001117,0,0,0.000517331
4845300001654,0,0,0.000517331
4845300000182,0,0,0.000517331
4845300000599,0,0,0.000517331
4820900001910,0,0,0.000517331
4845300000243,0,0,0.000517331
4805500001288,0,0,0.000517331
4849100000952,0,0,0.000517331
4845300001452,0,0,0.000517331
4845300000098,0,0,0.000517331
4820900000749,0,0,0.000517331
4845300000208,0,0,0.000517331
4845300001569,0,0,0.000517331
4802100001195,0,0,0.000517331
4849100001399,0,0,0.000517331
4845300001594,0,0,0.000517331
4845300001357,0,0,0.000517331
4802100001374,0,0,0.000517331
4845300000054,0,0,0.000517331
4845300001711,0,0,0.000517331
4849100001030,0,0,0.000517331
4802100001196,0,0,0.000517331
4849100001398,0,0,0.000517331
4805300001818,0,0,0.000517331
4845300001667,0,0,0.000517331
4849100000635,0,0,0.000517331
4845300001876,0,0,0.000517331
4845300000301,0,0,0.000517331
4845300001419,0,0,0.000517331
4820900000753,0,0,0.000517331
4845300000365,0,0,0.000517331
4802100001210,0,0,0.000517331
4845300001673,0,0,0.000517331
4820900000910,0,0,0.000517331
4845300001095,0,0,0.000517331
4849100001029,0,0,0.000517331
4845300000409,0,0,0.000517331
4845300001621,0,0,0.000517331
4845300001566,0,0,0.000517331
4820900001746,0,0,0.000517331
4849100001113,0,0,0.000517331
4820900000758,0,0,0.000517331
4845300000230,0,0,0.000517331
4849100001027,0,0,0.000517331
4845300001633,0,0,0.000517331
4845300000313,0,0,0.000517331
4845300001847,0,0,0.000517331
4845300000478,0,0,0.000517331
4845300001655,0,0,0.000517331
4845300001551,0,0,0.000517331
4845300000503,0,0,0.000517331
4845300000190,0,0,0.000517331
4845300000448,0,0,0.000517331
4820900000808,0,0,0.000517331
4820900001081,0,0,0.000517331
4849100000138,0,0,0.000517331
4820900000694,0,0,0.000517331
4845300000506,0,0,0.000517331
4802100001163,0,0,0.000517331
4805300001793,0,0,0.000517331
4845300001094,0,0,0.000517331
4845300001716,0,0,0.000517331
4820900000742,0,0,0.000517331
4805300001781,0,0,0.000517331
4845300000520,0,0,0.000517331
4845300000207,0,0,0.000517331
4802100001219,0,0,0.000517331
4845300001505,0,0,0.000517331
4845300001878,0,0,0.000517331
4845300000321,0,0,0.000517331
4802100001388,0,0,0.000517331
4849100000114,0,0,0.000517331
4845300000554,0,0,0.000517331
4845300000074,0,0,0.000517331
4802100001176,0,0,0.000517331
4805500001300,0,0,0.000517331
4845300001866,0,0,0.000517331
4845300001456,0,0,0.000517331
4845300001644,0,0,0.000517331
4805300001814,0,0,0.000517331
4849100000126,0,0,0.000517331
4805300001795,0,0,0.000517331
4845300000626,0,0,0.000517331
4820900000717,0,0,0.000517331
4802100001224,0,0,0.000517331
4820900000741,0,0,0.000517331
4805500001284,0,0,0.000517331
4802100001134,0,0,0.000517331
4845300000297,0,0,0.000517331
4805300001783,0,0,0.000517331
4845300000445,0,0,0.000517331
4820900000419,0,0,0.000517331
4805500001860,0,0,0.000517331
4845300000317,0,0,0.000517331
4820900000818,0,0,0.000517331
4849100000933,0,0,0.000517331
4820900000709,0,0,0.000517331
4849100000642,0,0,0.000517331
4845300000511,0,0,0.000517331
4849100001412,0,0,0.000517331
4845300001609,0,0,0.000517331
4845300000536,0,0,0.000517331
4845300000329,0,0,0.000517331
4845300001541,0,0,0.000517331
4845300000417,0,0,0.000517331
4845300001712,0,0,0.000517331
4845300001413,0,0,0.000517331
4805500001273,0,0,0.000517331
4845300001053,0,0,0.000517331
4820900000690,0,0,0.000517331
4820900001084,0,0,0.000517331
4849100000977,0,0,0.000517331
4845300000068,0,0,0.000517331
4820900000788,0,0,0.000517331
4802100001376,0,0,0.000517331
4805300001772,0,0,0.000517331
4845300000424,0,0,0.000517331
4849100000166,0,0,0.000517331
4820900000673,0,0,0.000517331
4845300001444,0,0,0.000517331
4820900000770,0,0,0.000517331
4845300000014,0,0,0.000517331
4802100001206,0,0,0.000517331
4845300001542,0,0,0.000517331
4805500001238,0,0,0.000517331
4802100001178,0,0,0.000517331
4845300000102,0,0,0.000517331
4845300000202,0,0,0.000517331
4845300000262,0,0,0.000517331
4805500001266,0,0,0.000517331
4820900000835,0,0,0.000517331
4820900000787,0,0,0.000517331
4820900000904,0,0,0.000517331
4849100001054,0,0,0.000517331
4802100001975,0,0,0.000517331
4845300001872,0,0,0.000517331
4845300001669,0,0,0.000517331
4802100001924,0,0,0.000517331
4820900000795,0,0,0.000517331
4845300001437,0,0,0.000517331
4805300001938,0,0,0.000517331
4849100000992,0,0,0.000517331
4845300000460,0,0,0.000517331
4805300001803,0,0,0.000517331
4849100000482,0,0,0.000517331
4802100001140,0,0,0.000517331
4820900000799,0,0,0.000517331
4845300001474,0,0,0.000517331
4845300001468,0,0,0.000517331
4849100001345,0,0,0.000517331
4849100000153,0,0,0.000517331
4845300000280,0,0,0.000517331
4845300000431,0,0,0.000517331
4845300001874,0,0,0.000517331
4849100000851,0,0,0.000517331
4849100000998,0,0,0.000517331
4845300000352,0,0,0.000517331
4805300001830,0,0,0.000517331
4845300001883,0,0,0.000517331
4805300001778,0,0,0.000517331
4845300001336,0,0,0.000517331
4845300000286,0,0,0.000517331
4802100001139,0,0,0.000517331
4805300001808,0,0,0.000517331
4849100000968,0,0,0.000517331
4845300000312,0,0,0.000517331
4849100000997,0,0,0.000517331
4845300000403,0,0,0.000517331
4802100001156,0,0,0.000517331
4802100001170,0,0,0.000517331
4849100001049,0,0,0.000517331
4845300001648,0,0,0.000517331
4849100000866,0,0,0.000517331
4849100001406,0,0,0.000517331
4805500001275,0,0,0.000517331
4845300001510,0,0,0.000517331
4849100000970,0,0,0.000517331
4820900001934,0,0,0.000517331
4849100000124,0,0,0.000517331
4820900000815,0,0,0.000517331
4845300000611,0,0,0.000517331
4849100000113,0,0,0.000517331
4849100000878,0,0,0.000517331
4845300001347,0,0,0.000517331
4845300001661,0,0,0.000517331
4820900000805,0,0,0.000517331
4845300000453,0,0,0.000517331
4849100001886,0,0,0.000517331
4849100000971,0,0,0.000517331
4805500001244,0,0,0.000517331
4845300000049,0,0,0.000517331
4845300001466,0,0,0.000517331
4845300000257,0,0,0.000517331
4845300000180,0,0,0.000517331
4845300001882,0,0,0.000517331
4845300000538,0,0,0.000517331
4849100000875,0,0,0.000517331
4845300001619,0,0,0.000517331
4820900000676,0,0,0.000517331
4845300000551,0,0,0.000517331
4849100001005,0,0,0.000517331
4845300001339,0,0,0.000517331
4845300000505,0,0,0.000517331
4820900000765,0,0,0.000517331
4845300000501,0,0,0.000517331
4845300000518,0,0,0.000517331
4820900001490,0,0,0.000517331
4845300001535,0,0,0.000517331
4805500001311,0,0,0.000517331
4845300001349,0,0,0.000517331
4845300000260,0,0,0.000517331
4845300001750,0,0,0.000517331
4849100001075,0,0,0.000517331
4849100001414,0,0,0.000517331
4820900001748,0,0,0.000517331
4805300001832,0,0,0.000517331
4845300000318,0,0,0.000517331
4845300000010,0,0,0.000517331
4845300000302,0,0,0.000517331
4849100001964,0,0,0.000517331
4845300000442,0,0,0.000517331
4849100001318,0,0,0.000517331
4845300000420,0,0,0.000517331
4802100001370,0,0,0.000517331
4849100000658,0,0,0.000517331
4845300000034,0,0,0.000517331
4849100001921,0,0,0.000517331
4820900000769,0,0,0.000517331
4820900000920,0,0,0.000517331
4820900001494,0,0,0.000517331
4845300000044,0,0,0.000517331
4845300001592,0,0,0.000517331
4845300000521,0,0,0.000517331
4805300001843,0,0,0.000517331
4845300000276,0,0,0.000517331
4849100000644,0,0,0.000517331
4845300000033,0,0,0.000517331
4849100000934,0,0,0.000517331
4802100001205,0,0,0.000517331
4845300000082,0,0,0.000517331
4845300000345,0,0,0.000517331
4845300000440,0,0,0.000517331
4849100000169,0,0,0.000517331
4805300001763,0,0,0.000517331
4845300000609,0,0,0.000517331
4805300001756,0,0,0.000517331
4845300001549,0,0,0.000517331
4845300000595,0,0,0.000517331
4820900000733,0,0,0.000517331
4820900000780,0,0,0.000517331
4820900000672,0,0,0.000517331
4820900000906,0,0,0.000517331
4845300000406,0,0,0.000517331
4845300001640,0,0,0.000517331
4849100000973,0,0,0.000517331
4845300001613,0,0,0.000517331
4802100001223,0,0,0.000517331
4849100000127,0,0,0.000517331
4849100001064,0,0,0.000517331
4805300001758,0,0,0.000517331
4849100000976,0,0,0.000517331
4820900000783,0,0,0.000517331
4845300000081,0,0,0.000517331
4802100001930,0,0,0.000517331
4845300000273,0,0,0.000517331
4849100000120,0,0,0.000517331
4805500001267,0,0,0.000517331
4845300000447,0,0,0.000517331
4849100001706,0,0,0.000517331
4845300000441,0,0,0.000517331
4805300001759,0,0,0.000517331
4805500001261,0,0,0.000517331
4845300000627,0,0,0.000517331
4820900001911,0,0,0.000517331
4845300001875,0,0,0.000517331
4845300001348,0,0,0.000517331
4845300001585,0,0,0.000517331
4845300001450,0,0,0.000517331
4805500001256,0,0,0.000517331
4845300000065,0,0,0.000517331
4845300000185,0,0,0.000517331
4849100001317,0,0,0.000517331
4849100001118,0,0,0.000517331
4820900000759,0,0,0.000517331
4849100000936,0,0,0.000517331
4805500001257,0,0,0.000517331
4849100001006,0,0,0.000517331
4849100000890,0,0,0.000517331
4849100000960,0,0,0.000517331
4849100001946,0,0,0.000517331
4805300001782,0,0,0.000517331
4805500001304,0,0,0.000517331
4845300001620,0,0,0.000517331
4802100001151,0,0,0.000517331
4845300001496,0,0,0.000517331
4849100000963,0,0,0.000517331
4802100001189,0,0,0.000517331
4820900000796,0,0,0.000517331
4849100000965,0,0,0.000517331
4820900000696,0,0,0.000517331
4845300000508,0,0,0.000517331
4845300000052,0,0,0.000517331
4849100000151,0,0,0.000517331
4849100001971,0,0,0.000517331
4849100000859,0,0,0.000517331
4845300001698,0,0,0.000517331
4845300000069,0,0,0.000517331
4845300001099,0,0,0.000517331
4849100001394,0,0,0.000517331
4820900000582,0,0,0.000517331
4845300000246,0,0,0.000517331
4845300000438,0,0,0.000517331
4820900000722,0,0,0.000517331
4845300000008,0,0,0.000517331
4845300001595,0,0,0.000517331
4845300000245,0,0,0.000517331
4805300001810,0,0,0.000517331
4845300000402,0,0,0.000517331
4849100000979,0,0,0.000517331
4805300001806,0,0,0.000517331
4845300001723,0,0,0.000517331
4845300000350,0,0,0.000517331
4802100001194,0,0,0.000517331
4845300000605,0,0,0.000517331
4805500001302,0,0,0.000517331
4845300001440,0,0,0.000517331
4849100000879,0,0,0.000517331
4845300001511,0,0,0.000517331
4820900000755,0,0,0.000517331
4805300001777,0,0,0.000517331
4820900001489,0,0,0.000517331
4845300000289,0,0,0.000517331
4845300001576,0,0,0.000517331
4849100000118,0,0,0.000517331
4845300001634,0,0,0.000517331
4802100001127,0,0,0.000517331
4845300000295,0,0,0.000517331
4820900000791,0,0,0.000517331
4805300001765,0,0,0.000517331
4820900000914,0,0,0.000517331
4845300001686,0,0,0.000517331
4845300000603,0,0,0.000517331
4849100001740,0,0,0.000517331
4845300000396,0,0,0.000517331
4805500001260,0,0,0.000517331
4849100000662,0,0,0.000517331
4820900000833,0,0,0.000517331
4849100001895,0,0,0.000517331
4845300000100,0,0,0.000517331
4845300000222,0,0,0.000517331
4845300001731,0,0,0.000517331
4849100001397,0,0,0.000517331
4845300000363,0,0,0.000517331
4845300000546,0,0,0.000517331
4845300000347,0,0,0.000517331
4849100001044,0,0,0.000517331
4845300000355,0,0,0.000517331
4845300000050,0,0,0.000517331
4805500001298,0,0,0.000517331
4849100001702,0,0,0.000517331
4849100000967,0,0,0.000517331
4845300001521,0,0,0.000517331
4849100001531,0,0,0.000517331
4845300000462,0,0,0.000517331
4820900000721,0,0,0.000517331
4849100001959,0,0,0.000517331
4845300001471,0,0,0.000517331
4845300000237,0,0,0.000517331
4820900000669,0,0,0.000517331
4845300001362,0,0,0.000517331
4802100001372,0,0,0.000517331
4845300000479,0,0,0.000517331
4849100001943,0,0,0.000517331
4845300000401,0,0,0.000517331
4849100001401,0,0,0.000517331
4845300000036,0,0,0.000517331
4845300000620,0,0,0.000517331
4805500001858,0,0,0.000517331
4849100000991,0,0,0.000517331
4805500001269,0,0,0.000517331
4820900000581,0,0,0.000517331
4805500001235,0,0,0.000517331
4820900000586,0,0,0.000517331
4845300000430,0,0,0.000517331
4845300001465,0,0,0.000517331
4845300001340,0,0,0.000517331
4845300001719,0,0,0.000517331
4849100001395,0,0,0.000517331
4849100001945,0,0,0.000517331
4849100001704,0,0,0.000517331
4849100000121,0,0,0.000517331
4845300001354,0,0,0.000517331
4845300001330,0,0,0.000517331
4802100001175,0,0,0.000517331
4845300001581,0,0,0.000517331
4845300000241,0,0,0.000517331
4849100000996,0,0,0.000517331
4849100001015,0,0,0.000517331
4845300001638,0,0,0.000517331
4845300001334,0,0,0.000517331
4845300001486,0,0,0.000517331
4845300000386,0,0,0.000517331
4802100001132,0,0,0.000517331
4849100000634,0,0,0.000517331
4845300000023,0,0,0.000517331
4845300000465,0,0,0.000517331
4845300000500,0,0,0.000517331
4849100001070,0,0,0.000517331
4849100001320,0,0,0.000517331
4845300000088,0,0,0.000517331
4849100001009,0,0,0.000517331
4845300000174,0,0,0.000517331
4805300001774,0,0,0.000517331
4845300001916,0,0,0.000517331
4845300001635,0,0,0.000517331
4845300001108,0,0,0.000517331
4805300001802,0,0,0.000517331
4805500001233,0,0,0.000517331
4849100001051,0,0,0.000517331
4849100001908,0,0,0.000517331
4820900000814,0,0,0.000517331
4845300001862,0,0,0.000517331
4805500001279,0,0,0.000517331
4849100000857,0,0,0.000517331
4805300001821,0,0,0.000517331
4845300000557,0,0,0.000517331
4802100001150,0,0,0.000517331
4802100001142,0,0,0.000517331
4845300001728,0,0,0.000517331
4845300001410,0,0,0.000517331
4845300000344,0,0,0.000517331
4845300001626,0,0,0.000517331
4820900000837,0,0,0.000517331
4802100001128,0,0,0.000517331
4849100001360,0,0,0.000517331
4820900000718,0,0,0.000517331
4845300001562,0,0,0.000517331
4849100000993,0,0,0.000517331
4845300000283,0,0,0.000517331
4805500001366,0,0,0.000517331
4845300000349,0,0,0.000517331
4845300000481,0,0,0.000517331
4845300001539,0,0,0.000517331
4845300000167,0,0,0.000517331
4805500001236,0,0,0.000517331
4845300000616,0,0,0.000517331
4845300000213,0,0,0.000517331
4845300000205,0,0,0.000517331
4845300001449,0,0,0.000517331
4845300001617,0,0,0.000517331
4802100001187,0,0,0.000517331
4845300000171,0,0,0.000517331
4845300001717,0,0,0.000517331
4849100001909,0,0,0.000517331
4802100001199,0,0,0.000517331
4845300000607,0,0,0.000517331
4845300001547,0,0,0.000517331
4820900001082,0,0,0.000517331
4845300001590,0,0,0.000517331
4849100001737,0,0,0.000517331
4802100001379,0,0,0.000517331
4849100001481,0,0,0.000517331
4805500001280,0,0,0.000517331
4805500001309,0,0,0.000517331
4845300001453,0,0,0.000517331
4845300000032,0,0,0.000517331
4805500001281,0,0,0.000517331
4849100001428,0,0,0.000517331
4849100000107,0,0,0.000517331
4849100000953,0,0,0.000517331
4820900000892,0,0,0.000517331
4849100000421,0,0,0.000517331
4845300000200,0,0,0.000517331
4849100001973,0,0,0.000517331
4845300001436,0,0,0.000517331
4849100000884,0,0,0.000517331
4849100000131,0,0,0.000517331
4849100000263,0,0,0.000517331
4849100001114,0,0,0.000517331
4849100001069,0,0,0.000517331
4849100001119,0,0,0.000517331
4820900000789,0,0,0.000517331
4805300001804,0,0,0.000517331
4845300001346,0,0,0.000517331
4849100000980,0,0,0.000517331
4849100000522,0,0,0.000517331
4820900000746,0,0,0.000517331
4845300000519,0,0,0.000517331
4820900000831,0,0,0.000517331
4802100001216,0,0,0.000517331
4845300000394,0,0,0.000517331
4802100001373,0,0,0.000517331
4845300000471,0,0,0.000517331
4820900001043,0,0,0.000517331
4802100001375,0,0,0.000517331
4820900000776,0,0,0.000517331
4820900000667,0,0,0.000517331
4845300000133,0,0,0.000517331
4849100001894,0,0,0.000517331
4849100000988,0,0,0.000517331
4849100000947,0,0,0.000517331
4845300000314,0,0,0.000517331
4805300001800,0,0,0.000517331
4805300001805,0,0,0.000517331
4845300001356,0,0,0.000517331
4849100000116,0,0,0.000517331
4820900000803,0,0,0.000517331
4845300000380,0,0,0.000517331
4845300000372,0,0,0.000517331
4845300000099,0,0,0.000517331
4805500001270,0,0,0.000517331
4802100001152,0,0,0.000517331
4845300000373,0,0,0.000517331
4845300001518,0,0,0.000517331
4849100001321,0,0,0.000517331
4845300000013,0,0,0.000517331
4849100000942,0,0,0.000517331
4845300000218,0,0,0.000517331
4845300001660,0,0,0.000517331
4802100001157,0,0,0.000517331
4805500001287,0,0,0.000517331
4845300001851,0,0,0.000517331
4802100001385,0,0,0.000517331
4845300000292,0,0,0.000517331
4820900000825,0,0,0.000517331
4845300000009,0,0,0.000517331
4849100001965,0,0,0.000517331
4845300001905,0,0,0.000517331
4845300000231,0,0,0.000517331
4845300000510,0,0,0.000517331
4845300001625,0,0,0.000517331
4820900001093,0,0,0.000517331
4805300001799,0,0,0.000517331
4805300001771,0,0,0.000517331
4849100000931,0,0,0.000517331
4845300000179,0,0,0.000517331
4845300000242,0,0,0.000517331
4805300001768,0,0,0.000517331
4845300000201,0,0,0.000517331
4849100001630,0,0,0.000517331
4802100001166,0,0,0.000517331
4845300001687,0,0,0.000517331
4845300001447,0,0,0.000517331
4805500001290,0,0,0.000517331
4849100000999,0,0,0.000517331
4845300000619,0,0,0.000517331
4805500001229,0,0,0.000517331
4845300001732,0,0,0.000517331
4845300000455,0,0,0.000517331
4845300000428,0,0,0.000517331
4820900000681,0,0,0.000517331
4849100001112,0,0,0.000517331
4845300001556,0,0,0.000517331
4845300001695,0,0,0.000517331
4845300001852,0,0,0.000517331
4820900000715,0,0,0.000517331
4845300001624,0,0,0.000517331
4849100000923,0,0,0.000517331
4845300001457,0,0,0.000517331
4849100001958,0,0,0.000517331
4845300000598,0,0,0.000517331
4802100001928,0,0,0.000517331
4849100000962,0,0,0.000517331
4805300001767,0,0,0.000517331
4820900001663,0,0,0.000517331
4849100000956,0,0,0.000517331
4849100000880,0,0,0.000517331
4845300000358,0,0,0.000517331
4802100001131,0,0,0.000517331
4849100001951,0,0,0.000517331
4845300000542,0,0,0.000517331
4845300000250,0,0,0.000517331
4845300001338,0,0,0.000517331
4845300001672,0,0,0.000517331
4845300000158,0,0,0.000517331
4849100001121,0,0,0.000517331
4802100001926,0,0,0.000517331
4845300000563,0,0,0.000517331
4845300000199,0,0,0.000517331
4845300000434,0,0,0.000517331
4849100001100,0,0,0.000517331
4845300001666,0,0,0.000517331
4849100000643,0,0,0.000517331
4820900000724,0,0,0.000517331
4849100000663,0,0,0.000517331
4845300000623,0,0,0.000517331
4849100000955,0,0,0.000517331
4802100001143,0,0,0.000517331
4849100001700,0,0,0.000517331
4820900000704,0,0,0.000517331
4845300000564,0,0,0.000517331
4845300001593,0,0,0.000517331
4802100001204,0,0,0.000517331
4802100001382,0,0,0.000517331
4845300000189,0,0,0.000517331
4820900000695,0,0,0.000517331
4802100001159,0,0,0.000517331
4820900000798,0,0,0.000517331
4820900000844,0,0,0.000517331
4805500001857,0,0,0.000517331
4845300000629,0,0,0.000517331
4805500001232,0,0,0.000517331
4849100000155,0,0,0.000517331
4845300000388,0,0,0.000517331
4820900000685,0,0,0.000517331
4845300000367,0,0,0.000517331
4849100000887,0,0,0.000517331
4845300001891,0,0,0.000517331
4845300000498,0,0,0.000517331
4845300001940,0,0,0.000517331
4845300000275,0,0,0.000517331
4845300001559,0,0,0.000517331
4845300001561,0,0,0.000517331
4849100000187,0,0,0.000517331
4845300000491,0,0,0.000517331
4849100001479,0,0,0.000517331
4849100000422,0,0,0.000517331
4849100000794,0,0,0.000517331
4849100001116,0,0,0.000517331
4845300000513,0,0,0.000517331
4820900001493,0,0,0.000517331
4845300000346,0,0,0.000517331
4805300001780,0,0,0.000517331
4845300001591,0,0,0.000517331
4845300001097,0,0,0.000517331
4845300000450,0,0,0.000517331
4849100000863,0,0,0.000517331
4805300001815,0,0,0.000517331
4849100001393,0,0,0.000517331
4820900000723,0,0,0.000517331
4845300000400,0,0,0.000517331
4845300001906,0,0,0.000517331
4845300000377,0,0,0.000517331
4845300001438,0,0,0.000517331
4849100000142,0,0,0.000517331
4845300001552,0,0,0.000517331
4845300000456,0,0,0.000517331
4845300000277,0,0,0.000517331
4802100001141,0,0,0.000517331
4849100000109,0,0,0.000517331
4845300000178,0,0,0.000517331
4845300000436,0,0,0.000517331
4845300000229,0,0,0.000517331
4845300000612,0,0,0.000517331
4805300001812,0,0,0.000517331
4802100001136,0,0,0.000517331
4805500001289,0,0,0.000517331
4849100001022,0,0,0.000517331
4845300001678,0,0,0.000517331
4849100000994,0,0,0.000517331
4845300000327,0,0,0.000517331
4845300000331,0,0,0.000517331
4849100001969,0,0,0.000517331
4849100001962,0,0,0.000517331
4845300001577,0,0,0.000517331
4845300000219,0,0,0.000517331
4820900000782,0,0,0.000517331
4805300001827,0,0,0.000517331
4849100001016,0,0,0.000517331
4845300000323,0,0,0.000517331
4845300000016,0,0,0.000517331
4849100001000,0,0,0.000517331
4849100000144,0,0,0.000517331
4820900000707,0,0,0.000517331
4845300000375,0,0,0.000517331
4849100000975,0,0,0.000517331
4820900000772,0,0,0.000517331
4845300001650,0,0,0.000517331
4849100000656,0,0,0.000517331
4805300001757,0,0,0.000517331
4820900000668,0,0,0.000517331
4820900000713,0,0,0.000517331
4849100000105,0,0,0.000517331
4849100000925,0,0,0.000517331
4849100000932,0,0,0.000517331
4820900000671,0,0,0.000517331
4845300001879,0,0,0.000517331
4845300000412,0,0,0.000517331
4820900000804,0,0,0.000517331
4845300000175,0,0,0.000517331
4845300000547,0,0,0.000517331
4845300000177,0,0,0.000517331
4805300001786,0,0,0.000517331
4845300001677,0,0,0.000517331
4849100000926,0,0,0.000517331
4845300001578,0,0,0.000517331
4845300000235,0,0,0.000517331
4845300000469,0,0,0.000517331
4845300000382,0,0,0.000517331
4820900001417,0,0,0.000517331
4820900000305,0,0,0.000517331
4805500001247,0,0,0.000517331
4845300000325,0,0,0.000517331
4849100001072,0,0,0.000517331
4820900000734,0,0,0.000517331
4845300001900,0,0,0.000517331
4845300001543,0,0,0.000517331
4820900000698,0,0,0.000517331
4845300000457,0,0,0.000517331
4845300001503,0,0,0.000517331
4805300001835,0,0,0.000517331
4845300001508,0,0,0.000517331
4849100001405,0,0,0.000517331
4820900000727,0,0,0.000517331
4845300001729,0,0,0.000517331
4820900000823,0,0,0.000517331
4805500001237,0,0,0.000517331
4845300000181,0,0,0.000517331
4849100001458,0,0,0.000517331
4845300001563,0,0,0.000517331
4820900000703,0,0,0.000517331
4802100001126,0,0,0.000517331
4845300001545,0,0,0.000517331
4805300001833,0,0,0.000517331
4849100000307,0,0,0.000517331
4805500001250,0,0,0.000517331
4845300001867,0,0,0.000517331
4802100001848,0,0,0.000517331
4820900000839,0,0,0.000517331
4820900000830,0,0,0.000517331
4802100001927,0,0,0.000517331
4820900000790,0,0,0.000517331
4820900000760,0,0,0.000517331
4845300001877,0,0,0.000517331
4845300000040,0,0,0.000517331
4805500001364,0,0,0.000517331
4845300001670,0,0,0.000517331
4845300001509,0,0,0.000517331
4845300001652,0,0,0.000517331
4820900000893,0,0,0.000517331
4849100000132,0,0,0.000517331
4805500001252,0,0,0.000517331
4820900000736,0,0,0.000517331
4802100001923,0,0,0.000517331
4845300001353,0,0,0.000517331
4845300001572,0,0,0.000517331
4805500001314,0,0,0.000517331
4845300001506,0,0,0.000517331
4845300000298,0,0,0.000517331
4805300001760,0,0,0.000517331
4849100001319,0,0,0.000517331
4849100000653,0,0,0.000517331
4845300001420,0,0,0.000517331
4802100001849,0,0,0.000517331
4805500001272,0,0,0.000517331