taz,coord-x,coord-y,area
4849100000123,2965472,3664299,0
4845300000055,2956926,3631039,0
4845300001536,2947914,3635487,0
4802100001207,3006428,3645482,0
4820900000708,2959828,3585137,0
4805300001762,2904920,3690826,0
4805500001259,2993912,3568783,0
4802100001203,3016092,3637855,0
4845300000537,2965261,3622825,0
4845300000393,2970566,3636308,0
4845300000236,2967644,3647587,0
4849100000117,2955137,3657386,0
4849100001008,2972301,3675858,0
4820900000578,2960591,3613685,0
4805300001824,2904556,3656535,0
4820900000899,2959517,3584579,0
4849100001949,2962422,3669294,0
4845300000048,2970704,3640050,0
4820900000693,2940826,3604273,0
4845300000012,2945072,3646445,0
4849100001703,2938678,3676717,0
4820900000820,2960708,3611282,0
4849100000974,3013867,3671666,0
4820900000587,2960199,3585743,0
4845300001448,2969448,3641913,0
4849100001533,2962360,3660365,0
4845300001662,2960707,3622727,0
4849100000552,2957100,3657938,0
4802100001149,3012484,3626253,0
4845300000499,2977647,3627743,0
4845300000183,2962409,3654707,0
4849100001052,2991820,3679303,0
4845300000232,2965424,3646702,0
4845300000335,2958810,3637720,0
4849100001482,2978067,3673904,0
4849100001063,2957771,3659769,0
4849100001710,2948269,3662105,0
4845300000451,2965907,3632675,0
4845300001607,2966733,3632793,0
4849100001024,2960059,3692211,0
4802100001386,3019200,3620472,0
4849100001071,2955045,3660979,0
4849100000935,2962718,3683569,0
4849100001735,2974375,3663475,0
4845300001478,2957128,3652898,0
4849100001422,2948542,3665787,0
4845300000011,2933633,3638786,0
4845300000268,2975624,3642721,0
4805300001809,2897058,3665711,0
4802100001209,3000201,3653025,0
4845300000210,2956722,3647425,0
4805300001844,2904308,3651748,0
4849100000937,2965818,3685968,0
4849100001014,2976616,3680759,0
4845300000443,2972765,3631629,0
4845300000022,2949743,3640077,0
4805300001790,2923327,3681704,0
4820900000689,2943512,3613534,0
4849100001018,2983438,3689250,0
4845300000613,2991399,3661208,0
4845300001571,2956182,3625514,0
4845300001901,2970769,3625927,0
4849100001123,2987054,3691214,0
4849100000854,2947596,3666989,0
4845300000618,2988085,3646090,0
4805300001807,2890467,3669610,0
4845300000078,2958278,3627583,0
4820900001692,2959478,3585407,0
4820900000738,2954403,3581142,0
4845300000291,2969763,3640728,0
4820900000728,2960246,3584531,0
4849100001968,2953596,3663250,0
4820900001083,2933359,3608165,0
4845300000024,2955565,3641087,0
4805500001295,2995436,3605000,0
4845300000532,2971711,3622412,0
4849100001036,2994562,3692452,0
4805500001262,2983356,3577187,0
4849100000989,3000817,3686677,0
4849100001944,2965197,3666015,0
4845300001582,2978686,3648302,0
4845300001558,2967991,3637882,0
4845300000615,2991959,3638361,0
4805300001787,2915981,3684213,0
4845300001884,2965363,3616680,0
4849100001403,2966432,3664370,0
4845300001528,2971962,3640609,0
4820900000279,2921347,3600001,0
4820900001088,2962472,3612501,0
4849100000110,2954540,3662197,0
4845300001637,2968532,3634897,0
4805300001829,2920300,3656465,0
4802100001171,3010565,3624152,0
4849100001954,2967430,3668575,0
4805500001234,3000452,3577650,0
4849100000995,2991135,3678872,0
4849100000164,2959660,3655924,0
4845300001439,2970299,3634132,0
4805300001831,2925209,3649703,0
4845300000487,2962567,3629369,0
4849100000146,2973143,3666029,0
4820900000832,2960626,3599287,0
4849100001427,2946770,3699106,0
4845300001676,2968206,3643651,0
4845300000392,2970046,3636040,0
4849100001062,2957519,3660356,0
4849100000657,2997201,3672708,0
4845300000172,2969292,3656307,0
4845300001603,2961340,3652716,0
4820900000585,2963721,3607943,0
4849100001106,3011120,3684212,0
4845300001109,2927238,3653941,0
4849100000148,2967854,3660739,0
4845300000085,2959312,3626425,0
4845300001864,2962980,3626773,0
4802100001215,3003619,3652246,0
4820900000902,2958735,3583650,0
4820900000793,2959262,3591367,0
4820900001912,2957404,3581392,0
4849100000648,2992387,3688317,0
4849100000139,2963172,3659648,0
4845300000206,2972789,3651179,0
4820900000916,2957591,3583800,0
4849100001017,2979135,3687725,0
4845300001463,2961198,3617837,0
4820900000812,2955673,3611533,0
4845300001442,2971114,3633645,0
4805500001307,2994356,3566085,0
4845300001332,2980016,3620069,0
4845300000328,2966255,3639722,0
4845300001870,2974720,3641053,0
4845300000226,2977468,3647434,0
4845300001579,2966851,3646231,0
4845300000333,2970133,3638308,0
4845300000488,2963604,3628451,0
4849100001343,2977405,3671335,0
4849100001066,2953568,3665183,0
4805300001823,2901018,3656436,0
4820900000682,2957260,3584095,0
4820900000802,2957918,3580724,0
4805500001856,2975978,3580204,0
4845300001488,2972063,3612937,0
4845300000340,2963714,3638265,0
4845300001460,2966769,3620053,0
4849100000961,2970018,3674798,0
4845300001565,2972018,3628908,0
4805300001819,2903063,3662808,0
4845300000606,2985154,3623615,0
4849100000882,3007273,3689479,0
4845300000630,2989521,3657796,0
4845300000195,2961421,3648870,0
4845300000529,2967309,3623621,0
4845300000517,2969153,3625076,0
4802100001162,3015372,3626139,0
4820900000590,2968191,3602272,0
4845300000594,2979126,3664288,0
4845300000497,2973483,3626653,0
4845300000480,2967824,3628869,0
4845300001516,2971101,3621968,0
4849100000990,3001345,3690719,0
4849100000111,2958503,3662253,0
4849100000003,2950393,3663223,0
4805500001315,2982473,3591066,0
4845300000566,2958204,3617175,0
4845300001697,2964505,3643520,0
4820900000677,2951893,3592051,0
4845300000600,2970117,3620477,0
4820900000697,2937663,3622905,0
4845300000622,2984956,3649572,0
4849100000881,2968474,3704504,0
4845300000253,2973803,3644255,0
4849100000969,2983949,3695087,0
4845300000287,2966073,3641587,0
4849100000929,2952058,3662815,0
4820900000726,2960677,3583674,0
4845300000357,2965557,3635721,0
4820900001089,2969156,3606262,0
4820900000739,2956499,3586395,0
4845300001656,2964582,3623209,0
4820900001922,2961173,3586154,0
4849100000891,2988546,3673503,0
4845300001902,2985248,3653730,0
4820900001861,2963889,3609013,0
4845300001557,2967167,3637263,0
4849100000112,2961229,3664699,0
4805300001766,2925787,3713541,0
4845300000203,2968189,3652391,0
4849100000496,2964706,3681963,0
4849100001708,2940547,3676226,0
4845300001642,2967032,3634322,0
4849100000983,3000952,3669825,0
4820900000700,2957909,3585752,0
4845300000293,2971098,3640614,0
4849100001058,2959248,3663471,0
4802100001208,2997814,3638943,0
4845300000354,2965037,3637348,0
4849100000888,2994109,3676674,0
4805300001834,2916406,3645985,0
4805300001816,2922089,3669938,0
4845300001653,2967217,3626894,0
4820900000692,2951687,3616269,0
4849100000946,2948327,3695817,0
4849100001426,2943158,3685132,0
4845300000212,2960005,3648510,0
4845300000576,2951792,3650040,0
4845300000413,2969304,3635092,0
4849100000850,2932378,3671083,0
4849100001120,2987753,3675856,0
4845300000043,2939378,3627760,0
4845300000320,2969126,3639814,0
4845300000269,2976908,3642906,0
4849100000876,2957438,3703729,0
4845300000018,2939246,3636233,0
4845300000220,2969299,3650178,0
4845300001316,2968620,3659403,0
4845300000160,2974403,3658666,0
4805500001278,2985684,3587698,0
4820900001092,2970762,3601946,0
4849100001011,2975403,3670675,0
4845300000395,2971951,3636897,0
4849100000567,2953075,3666826,0
4845300001098,2990538,3652082,0
4849100001430,2992318,3678352,0
4845300000464,2963228,3632136,0
4845300001599,2963768,3649290,0
4849100001948,2964904,3667091,0
4845300000316,2965731,3640645,0
4802100001193,3001080,3658555,0
4805500001242,2982616,3589654,0
4845300000332,2969339,3638672,0
4802100001225,3002688,3651576,0
4849100001534,2961415,3661317,0
4845300000398,2979857,3662296,0
4845300000353,2964877,3636520,0
4845300000369,2963570,3636171,0
4820900001076,2940565,3607498,0
4845300001897,2970385,3639448,0
4845300001725,2966867,3639641,0
4820900000299,2959456,3600793,0
4845300000432,2960627,3633910,0
4845300001555,2970543,3637552,0
4849100001892,2976079,3666087,0
4845300001567,2964062,3617481,0
4845300000526,2964262,3624258,0
4802100001931,2997920,3633550,0
4845300000204,2969700,3651631,0
4820900000768,2921034,3613248,0
4849100000944,2943098,3697242,0
4845300000227,2979568,3646826,0
4849100001404,2964309,3665512,0
4845300000849,2967302,3634396,0
4849100001122,2983262,3697178,0
4820900000827,2960867,3598302,0
4802100001174,3014604,3625819,0
4802100001381,3032854,3635727,0
4849100000128,2966240,3665495,0
4849100000865,2945894,3688056,0
4845300001675,2967822,3643479,0
4802100001164,3015347,3627093,0
4849100000156,2966275,3658488,0
4845300000062,2956606,3629006,0
4845300000234,2967308,3646334,0
4820900001932,2966557,3606795,0
4845300000525,2961470,3623919,0
4845300001616,2966714,3631396,0
4849100000150,2973466,3663361,0
4845300001920,2968182,3641709,0
4802100001145,3002382,3629833,0
4820900000589,2960669,3601304,0
4802100001183,3038677,3619390,0
4820900000730,2960529,3586337,0
4845300000251,2971292,3644541,0
4805500001264,2987688,3587238,0
4820900001741,2930352,3616600,0
4845300000059,2952831,3629173,0
4805300001784,2927676,3682939,0
4845300001869,2973642,3636260,0
4805300001798,2905497,3681817,0
4805500001254,2964008,3583844,0
4845300001421,2958773,3621176,0
4845300000376,2967774,3635770,0
4849100001942,2957253,3668605,0
4849100001107,3007275,3676545,0
4845300000073,2952960,3625587,0
4845300000075,2955078,3625582,0
4849100000938,2962471,3686789,0
4820900000714,2958363,3586305,0
4820900001664,2961135,3593696,0
4802100001146,3037791,3639640,0
4820900000683,2956396,3583450,0
4849100000001,2947427,3664510,0
4845300000045,2951851,3630669,0
4845300000095,2959056,3640944,0
4820900000838,2958004,3587123,0
4845300000449,2963275,3633944,0
4849100001738,2975867,3678267,0
4820900000813,2957687,3609437,0
4845300001588,2952896,3654605,0
4805500001294,2985094,3593994,0
4849100001709,2943081,3675382,0
4845300000534,2976929,3621274,0
4845300001402,2980103,3659541,0
4845300000452,2967095,3632710,0
4802100001213,3003951,3651648,0
4845300001643,2971658,3634964,0
4849100001033,3000107,3697757,0
4849100001025,2963788,3694827,0
4845300000093,2953005,3620200,0
4845300001504,2972372,3626624,0
4820900000588,2950783,3600133,0
4845300000444,2974076,3631136,0
4845300001868,2974171,3628319,0
4849100000928,2956620,3657235,0
4849100000640,2966749,3680151,0
4849100000137,2967792,3664322,0
4845300000370,2964637,3635549,0
4845300000303,2977407,3639197,0
4845300000159,2971001,3660181,0
4845300000310,2960762,3639725,0
4820900001745,2974376,3604504,0
4845300000029,2951028,3637176,0
4845300000271,2961710,3640923,0
4849100000125,2967028,3666573,0
4845300001537,2942701,3638471,0
4845300001659,2962709,3624055,0
4845300000270,2979090,3644055,0
4849100001050,2964909,3659207,0
4845300001865,2964928,3629076,0
4805500001291,2980580,3592464,0
4820900000687,2935414,3618714,0
4820900000684,2956125,3584095,0
4849100000855,2933507,3679006,0
4845300001602,2962041,3652451,0
4805500001228,2975178,3592737,0
4845300001177,2956281,3652026,0
4845300000410,2968939,3634262,0
4849100001013,2972538,3671391,0
4845300000254,2973152,3643410,0
4849100001105,2953713,3677466,0
4820900000801,2958554,3582378,0
4820900000744,2928939,3613629,0
4849100000927,2954798,3659459,0
4805300001769,2935321,3709897,0
4845300001513,2967909,3623595,0
4849100001021,2977554,3690319,0
4845300001880,2963097,3647141,0
4845300000572,2996759,3660828,0
4845300001627,2968200,3636171,0
4820900000670,2953393,3582109,0
4845300001441,2970676,3633711,0
4802100001173,3013414,3625310,0
4820900000732,2945504,3604533,0
4845300000531,2969956,3623024,0
4849100000665,2979556,3670353,0
4849100000871,2955561,3683239,0
4849100000853,2941343,3675077,0
4820900000797,2958368,3583633,0
4820900000922,2955989,3585411,0
4845300000215,2964322,3649135,0
4845300001462,2962228,3618812,0
4805300001825,2904488,3659406,0
4845300000476,2967324,3631259,0
4845300001529,2973315,3639531,0
4845300001525,2976334,3636869,0
4802100001390,3020164,3636909,0
4805500001253,2972674,3583424,0
4845300001495,2954190,3626939,0
4845300001110,2927644,3658997,0
4845300000512,2965105,3625888,0
4845300000308,2973065,3633283,0
4845300000535,2962031,3622415,0
4849100000661,2984346,3672119,0
4845300000261,2966945,3643795,0
4805500001853,2983227,3593772,0
4820900000701,2958383,3585857,0
4849100000987,3008000,3681704,0
4845300001575,2963828,3645311,0
4845300001409,2967002,3635418,0
4849100001020,2975539,3694379,0
4802100001211,3004066,3649924,0
4820900000494,2965015,3601536,0
4849100001587,2957415,3656198,0
4849100001416,2946529,3668365,0
4805300001836,2901897,3653811,0
4845300001645,2971803,3635569,0
4845300000524,2987938,3631116,0
4849100001907,2993122,3669793,0
4820900000699,2948954,3619756,0
4845300000004,2934447,3665996,0
4820900000785,2955417,3578695,0
4845300000090,2949783,3622617,0
4845300000300,2975455,3641291,0
4802100001186,3035095,3618973,0
4845300000407,2968453,3633956,0
4845300000555,2976691,3612567,0
4849100000404,2979594,3669069,0
4845300000031,2953200,3639838,0
4820900000324,2963884,3602205,0
4849100000007,2952835,3658523,0
4845300000070,2948276,3627263,0
4845300001570,2957990,3622618,0
4849100000949,2960760,3671960,0
4845300000285,2964519,3641323,0
4805500001859,2973954,3577715,0
4845300000089,2958648,3623248,0
4845300001517,2967792,3621412,0
4845300000225,2975245,3648782,0
4845300000397,2974625,3636913,0
4849100000978,3000287,3663760,0
4802100001218,3005149,3650888,0
4845300001679,2957097,3633780,0
4849100001047,2949134,3663061,0
4805300001841,2900835,3651322,0
4845300000379,2968088,3634770,0
4845300000244,2978797,3645407,0
4845300001514,2967979,3624280,0
4845300001446,2969887,3635283,0
4802100001221,3002443,3650453,0
4845300001641,2967286,3633940,0
4849100001970,2956200,3663868,0
4802100001222,3000108,3645955,0
4845300001873,2983190,3643230,0
4845300000390,2970363,3636848,0
4849100001010,2976095,3673614,0
4820900000913,2958256,3585406,0
4849100000981,2994955,3667870,0
4802100001226,3003477,3651650,0
4802100001184,3034405,3628613,0
4849100000047,2968560,3664671,0
4845300000418,2970534,3634547,0
4845300001699,2964654,3645762,0
4820900001328,2963264,3603847,0
4820900000811,2956877,3613657,0
4845300001713,2968305,3633504,0
4849100001041,2952173,3659372,0
4849100000119,2955848,3660312,0
4805500001241,2992305,3591737,0
4820900001747,2966711,3592452,0
4849100000852,2932456,3675637,0
4849100000948,2965436,3673752,0
4845300000604,2978215,3618023,0
4845300000383,2968496,3634593,0
4805500001308,2992189,3570170,0
4845300000092,2954218,3621634,0
4845300001612,2968482,3630203,0
4849100001966,2951114,3663557,0
4845300000596,2970876,3611438,0
4845300000342,2965540,3638388,0
4802100001214,3004965,3651871,0
4805500001239,2979858,3587662,0
4805300001764,2910968,3706767,0
4845300001606,2966525,3632084,0
4845300000198,2962927,3649669,0
4849100000930,2954649,3663851,0
4849100001947,2964687,3668448,0
4849100000366,2965100,3677873,0
4849100001705,2947242,3671440,0
4849100000959,2969621,3682695,0
4849100001040,2950415,3658992,0
4820900001078,2939502,3596229,0
4820900000766,2923770,3621235,0
4820900001329,2964246,3610806,0
4845300000336,2960042,3637729,0
4845300001694,2961303,3636661,0
4845300001500,2960278,3626729,0
4845300001631,2965849,3651129,0
4845300000258,2965900,3643924,0
4845300001411,2969118,3634647,0
4845300000071,2947696,3622726,0
4805500001282,2996839,3567681,0
4820900000900,2959018,3583853,0
4849100000862,2961643,3682534,0
4845300001485,2969085,3614113,0
4845300000249,2968663,3645524,0
4820900001325,2961455,3605332,0
4845300001614,2966578,3630788,0
4849100001004,2979789,3675380,0
4845300001674,2970125,3644853,0
4820900000905,2958540,3584033,0
4849100000106,2963253,3675633,0
4845300001335,2980369,3623822,0
4820900001087,2962705,3611120,0
4849100000147,2966391,3660303,0
4845300000617,2991582,3643078,0
4849100000964,2993502,3674563,0
4849100001038,2939160,3681109,0
4845300001101,2991810,3648929,0
4849100000659,2991745,3673702,0
4805300001794,2922252,3677322,0
4802100001198,3027523,3645971,0
4802100001153,3029959,3620292,0
4845300001337,2982132,3627091,0
4805300001837,2908149,3646944,0
4805500001246,2980058,3572321,0
4849100000646,2984360,3680833,0
4845300000474,2966753,3629220,0
4849100001037,2948792,3685024,0
4849100001065,2952065,3664462,0
4845300000311,2962352,3639858,0
4845300001618,2965480,3631736,0
4845300000304,2981280,3641554,0
4849100001048,2953408,3655552,0
4845300001629,2975107,3651091,0
4849100001400,2969697,3663810,0
4845300001651,2969112,3637606,0
4845300000389,2969795,3636596,0
4805500001263,2989413,3589950,0
4849100000122,2964305,3663950,0
4805300001890,2907822,3681195,0
4820900000577,2948012,3613679,0
4845300001476,2952343,3645444,0
4845300000046,2955695,3633545,0
4845300000507,2964160,3627294,0
4805500001274,2990535,3566601,0
4845300000019,2937730,3638411,0
4845300001341,2982129,3651007,0
4820900000735,2949693,3584457,0
4802100001155,3013637,3627231,0
4845300001611,2967756,3630351,0
4849100000856,2940080,3686433,0
4849100000861,2965973,3676688,0
4820900000898,2959443,3582195,0
4849100000145,2970541,3664101,0
4845300000527,2965984,3624211,0
4802100001925,2992201,3616784,0
4820900000918,2957245,3585842,0
4805500001310,2993931,3570273,0
4820900000911,2958700,3584830,0
4805500001365,2975443,3585724,0
4802100001389,3000945,3635720,0
4849100001344,2975417,3675055,0
4845300000094,2955691,3621267,0
4820900000731,2960267,3586916,0
4820900000809,2965647,3611144,0
4845300000264,2973104,3635503,0
4802100001167,3019340,3632561,0
4805300001801,2906234,3679494,0
4845300000387,2969094,3636221,0
4820900000775,2960015,3579712,0
4845300000454,2968146,3632188,0
4805300001761,2901559,3689283,0
4845300000458,2971970,3629968,0
4845300000188,2960710,3652032,0
4845300001600,2963489,3651021,0
4845300000315,2964508,3639921,0
4849100000869,2951406,3699993,0
4845300001649,2968844,3636786,0
4845300000038,2953676,3635961,0
4845300001461,2967705,3618369,0
4845300000461,2962362,3632404,0
4820900000807,2962562,3608512,0
4802100001212,3009796,3654012,0
4845300001573,2964358,3638057,0
4845300001484,2986165,3644257,0
4805300001936,2903876,3708330,0
4849100000652,2992961,3680893,0
4802100001217,3002940,3652071,0
4849100001425,2963283,3681837,0
4805500001854,2981834,3591643,0
4820900001459,2961501,3600211,0
4820900001492,2955587,3590203,0
4849100000569,2959595,3668167,0
4845300000042,2963379,3624834,0
4802100001380,3003327,3627753,0
4845300000368,2963783,3635281,0
4845300000426,2971350,3652758,0
4849100001586,2969335,3661192,0
4820900000903,2958983,3584206,0
4845300000528,2966627,3624137,0
4849100000638,2983413,3693188,0
4820900001090,2970182,3599106,0
4820900000678,2941375,3593048,0
4820900001744,2972902,3602223,0
4845300000846,2956980,3632472,0
4849100001039,2933562,3682147,0
4845300000384,2968554,3635280,0
4845300001487,2970149,3614038,0
4845300000281,2984984,3620291,0
4845300000385,2968586,3635701,0
4849100001003,2988301,3665182,0
4845300001363,2972323,3639023,0
4820900000580,2967616,3610755,0
4845300000080,2960658,3627901,0
4845300001715,2971255,3633173,0
4845300000556,2979773,3612952,0
4805300001839,2909017,3655080,0
4805500001855,2982502,3586719,0
4845300000360,2967256,3636857,0
4849100000162,2959688,3653616,0
4845300000608,2979691,3623104,0
4845300001507,2969546,3627961,0
4845300000540,2968418,3622477,0
4845300001903,2993186,3633890,0
4849100000641,2960410,3684309,0
4802100001220,3003261,3652778,0
4849100000134,2970219,3665448,0
4845300001722,2970748,3641332,0
4820900000764,2926674,3629048,0
4805500001285,2980753,3597496,0
4820900000680,2941426,3599865,0
4845300000025,2945664,3623764,0
4849100000165,2959595,3654861,0
4845300001472,2960369,3641571,0
4820900000828,2959029,3604244,0
4820900000819,2967172,3603887,0
4849100000573,2956329,3659778,0
4845300000322,2970040,3639131,0
4805300001840,2907498,3657103,0
4845300001693,2960365,3636067,0
4849100000135,2965975,3665225,0
4820900000686,2941673,3616964,0
4820900000921,2956702,3584727,0
4805300001792,2926286,3680292,0
4849100000115,2966066,3668139,0
4845300001523,2971231,3635395,0
4845300000309,2959927,3639836,0
4820900000786,2954418,3577096,0
4849100000108,2966038,3671490,0
4845300001899,2970155,3626952,0
4849100000030,2960766,3679497,0
4845300001519,2969515,3631721,0
4845300000405,2967641,3633929,0
4845300000468,2965379,3629599,0
4845300000039,2962131,3643233,0
4820900000591,2966305,3598561,0
4802100001148,3003880,3624187,0
4849100000655,3004893,3662125,0
4845300001597,2964983,3649175,0
4849100000660,2992716,3676861,0
4845300000216,2964937,3648211,0
4849100000446,2943326,3667169,0
4845300000284,2963491,3641404,0
4845300001540,2968878,3633518,0
4820900000896,2961596,3583374,0
4845300001665,2940381,3658078,0
4849100000924,2949265,3666829,0
4820900000826,2961901,3598198,0
4820900000778,2960712,3578144,0
4845300001727,2966903,3637980,0
4820900000712,2959089,3586356,0
4845300000423,2969590,3622049,0
4849100001124,2946181,3705019,0
4845300000252,2971064,3643766,0
4845300000274,2965075,3642854,0
4849100000143,2967935,3662730,0
4845300000523,2988274,3627029,0
4845300000459,2973347,3629616,0
4820900000773,2961933,3582015,0
4849100001350,2941932,3677536,0
4805500001231,3000849,3598498,0
4845300000533,2974170,3622893,0
4849100000951,2953283,3674865,0
4849100001896,2957179,3661081,0
4849100001057,2956207,3665002,0
4845300001568,2956654,3623277,0
4849100000939,2954238,3686062,0
4845300000495,2970051,3626241,0
4845300000473,2966012,3629448,0
4845300000067,2951781,3628567,0
4845300000361,2967590,3637326,0
4820900001749,2964696,3597891,0
4820900000729,2938754,3620169,0
4845300000548,2968090,3619979,0
4805500001230,3007985,3580254,0
4845300000217,2965886,3648387,0
4820900000579,2963909,3612624,0
4849100001429,2963028,3698057,0
4845300001714,2969658,3632782,0
4845300001583,2975900,3656041,0
4845300001352,2972483,3652962,0
4802100001367,3031602,3648365,0
4849100001056,2952694,3662699,0
4802100001392,3026266,3641605,0
4820900000894,2959126,3583421,0
4820900000740,2955130,3580468,0
4805500001245,2987995,3591823,0
4845300000037,2948674,3642023,0
4845300001914,2967168,3651268,0
4849100001359,2934879,3691540,0
4849100000633,2983285,3700746,0
4805500001265,2990522,3582952,0
4845300001520,2970438,3630642,0
4849100000940,2952299,3690746,0
4845300000477,2968111,3631334,0
4802100001202,3017990,3648351,0
4845300001574,2963563,3644609,0
4845300000084,2957632,3625376,0
4849100000154,2959562,3657000,0
4820900001605,2954905,3614948,0
4820900000836,2961195,3589882,0
4820900000767,2920926,3611077,0
4845300000492,2967503,3628158,0
4849100000864,2991526,3664662,0
4845300001601,2962770,3652014,0
4849100000945,2938736,3695776,0
4845300000493,2968426,3627233,0
4805300001797,2905915,3680392,0
4849100000860,2965568,3683151,0
4845300000101,2960329,3619127,0
4820900000840,2957555,3586247,0
4845300001610,2968442,3630719,0
4849100000639,2972086,3683703,0
4845300000399,2979434,3633588,0
4802100001368,3008520,3657376,0
4849100001045,2951219,3661955,0
4805300001779,2924781,3698976,0
4802100001154,3032854,3617227,0
4845300000374,2967376,3635373,0
4802100001129,2994267,3624965,0
4820900000824,2961867,3596833,0
4805500001271,2991316,3568511,0
4845300000041,2958148,3634717,0
4845300000020,2946174,3642998,0
4845300001115,2943647,3662435,0
4820900000278,2925805,3601416,0
4849100001059,2959537,3661565,0
4845300000664,2959908,3644979,0
4820900000800,2958121,3582625,0
4845300000550,2969657,3616854,0
4802100001135,2995928,3618347,0
4805300001775,2932967,3698758,0
4845300000561,2991159,3645983,0
4845300000087,2961062,3648401,0
4849100000636,2964147,3689070,0
4820900000584,2966229,3609235,0
4849100001881,2965681,3661490,0
4845300000565,2989391,3636052,0
4849100000943,2945205,3699744,0
4845300001467,2972869,3659601,0
4845300000330,2967238,3639167,0
4845300000433,2961414,3633557,0
4849100000877,2963583,3702971,0
4845300000255,2975524,3644530,0
4845300000265,2965423,3627440,0
4845300000238,2969339,3646786,0
4845300000173,2969156,3655139,0
4805300001754,2897656,3705951,0
4805300001755,2905142,3701482,0
4849100000886,3013235,3678508,0
4849100001739,2977849,3678447,0
4849100001707,2942199,3673547,0
4845300001473,2957484,3641111,0
4845300001501,2959890,3626006,0
4849100000984,3004616,3674577,0
4802100001158,3022412,3623543,0
4845300000628,2985530,3656291,0
4845300001331,2980107,3617097,0
4845300001863,2965091,3621392,0
4849100000651,2979102,3671646,0
4845300000489,2964866,3628188,0
4845300000248,2967905,3645143,0
4805500001227,2996608,3601534,0
4845300000371,2965433,3635205,0
4805300001838,2909698,3651520,0
4802100001200,3035159,3643936,0
4845300001615,2966954,3630015,0
4820900000843,2962988,3587038,0
4820900000901,2959341,3584311,0
4802100001160,3022954,3617490,0
4845300000017,2941743,3640873,0
4845300001544,2974093,3634974,0
4845300000294,2972307,3641576,0
4805300001820,2898397,3660784,0
4845300000544,2973773,3620780,0
4820900000822,2960954,3608008,0
4805500001276,2983902,3588772,0
4845300001475,2953132,3643510,0
4805300001785,2923000,3687798,0
4849100000982,2997402,3667811,0
4845300001658,2963848,3623059,0
4802100001190,3037019,3618005,0
4845300001915,2964776,3650320,0
4845300000326,2965553,3639238,0
4845300000282,2960740,3643156,0
4820900000716,2958055,3585375,0
4845300000184,2962972,3653352,0
4805500001313,3000602,3568236,0
4845300001548,2971612,3634024,0
4805500001251,2971580,3580536,0
4845300000414,2970295,3635479,0
4845300001589,2971331,3655170,0
4849100000649,2989080,3681887,0
4845300000176,2975969,3658488,0
4845300001628,2981719,3647851,0
4845300000467,2963998,3629344,0
4845300001499,2959422,3627360,0
4820900000841,2967722,3594081,0
4849100001952,2967626,3671743,0
4820900000757,2937232,3597231,0
4805500001299,2985774,3590791,0
4805500001935,2970835,3588320,0
4849100000637,2985721,3695857,0
4820900001691,2958756,3605512,0
4820900000907,2957041,3585385,0
4845300000209,2978478,3655065,0
4820900000912,2958565,3585261,0
4849100001042,2951596,3660386,0
4849100001104,2949324,3689465,0
4845300000035,2948944,3634386,0
4845300000053,2953366,3623074,0
4845300000624,2993820,3657087,0
4820900000821,2961013,3609956,0
4845300000539,2967127,3622218,0
4849100000650,2980794,3673727,0
4805300001776,2932381,3701783,0
4805300001937,2916496,3703948,0
4802100001168,3025073,3631426,0
4845300001623,2965932,3636135,0
4845300001451,2967918,3651037,0
4849100001361,2935090,3686517,0
4805500001296,3016808,3592279,0
4849100000149,2969143,3662005,0
4849100001067,2953509,3672232,0
4849100000543,2990468,3677179,0
4845300001622,2966226,3634971,0
4849100001035,2988604,3694143,0
4845300000341,2965007,3638321,0
4820900000771,2962792,3585296,0
4849100000950,2958149,3674096,0
4845300001632,2968927,3643744,0
4845300000061,2955503,3628777,0
4845300001681,2966979,3640150,0
4849100001012,2973783,3669620,0
4820900001933,2965818,3601126,0
4849100000957,2967324,3684217,0
4845300000483,2970076,3629699,0
4845300001454,2974242,3648922,0
4820900000845,2956102,3600189,0
4820900001418,2964257,3609810,0
4849100001532,2962521,3661498,0
4802100001378,3001783,3619503,0
4845300000601,2971973,3633571,0
4845300001668,2943124,3633743,0
4845300001515,2968841,3624077,0
4845300000362,2967858,3636666,0
4845300000359,2967363,3636204,0
4820900000754,2930770,3591371,0
4845300001608,2966932,3631995,0
4849100001956,2967625,3669993,0
4849100000152,2956303,3655394,0
4845300000597,2975768,3609974,0
4845300000086,2959009,3624310,0
4849100000986,3017638,3674858,0
4849100001408,2968653,3667229,0
4805500001268,2992588,3571075,0
4845300001524,2970651,3635678,0
4849100000889,2992185,3677329,0
4845300001435,2969403,3634241,0
4802100001172,3000474,3623926,0
4845300000545,2975809,3619005,0
4820900000834,2962534,3588165,0
4845300001546,2972883,3634068,0
4845300001846,2943883,3656144,0
4802100001165,3017984,3624165,0
4845300001351,2973730,3651931,0
4845300001682,2967392,3640606,0
4845300000625,2987506,3651284,0
4845300001734,2972248,3647869,0
4845300001720,2953350,3622074,0
4820900000745,2929240,3610791,0
4845300001470,2972118,3651803,0
4802100001182,3041837,3628496,0
4845300000296,2973658,3641969,0
4845300001483,2983915,3645095,0
4845300000486,2960497,3631897,0
4849100001950,2964328,3670067,0
4849100001434,2994647,3677837,0
4845300001553,2972792,3637283,0
4849100001028,2969600,3689986,0
4849100001074,2983021,3665811,0
4849100001032,2993160,3699159,0
4845300000056,2958860,3631183,0
4849100000954,2968359,3679438,0
4845300000228,2979641,3650415,0
4845300001596,2970364,3655166,0
4820900000909,2958350,3585166,0
4849100001433,2993281,3677355,0
4845300001554,2982634,3621745,0
4845300000425,2972628,3635910,0
4845300001730,2968542,3647594,0
4845300000810,2959491,3617377,0
4849100000141,2967322,3663541,0
4849100000941,2946748,3700182,0
4849100001355,2970680,3662754,0
4845300001512,2968159,3626166,0
4845300000259,2966163,3644661,0
4845300000356,2966745,3637085,0
4849100000168,2960752,3654255,0
4820900000306,2927549,3603687,0
4820900000725,2962592,3583557,0
4845300001096,2939752,3654291,0
4849100001963,2948711,3668503,0
4845300001443,2971185,3634082,0
4845300000079,2959754,3628193,0
4845300001522,2971147,3634488,0
4845300001684,2970486,3646901,0
4845300000408,2968684,3632945,0
4845300000186,2959586,3650272,0
4845300000211,2977962,3637144,0
4845300000411,2969803,3634539,0
4849100000161,2956990,3654438,0
4805500001240,2992018,3595777,0
4845300000484,2970875,3629154,0
4802100001191,3013202,3629254,0
4845300000475,2967148,3630649,0
4820900001080,2928129,3590970,0
4849100000872,2960159,3681674,0
4849100001432,2991081,3677854,0
4849100001125,2939186,3699342,0
4849100001604,2961743,3655299,0
4849100000858,2965483,3679084,0
4849100000463,2940856,3692539,0
4849100000958,2966189,3683312,0
4849100000870,2945243,3692989,0
4849100001034,2993604,3695411,0
4849100000867,2951727,3668176,0
4820900000719,2958175,3585094,0
4849100001955,2966839,3669848,0
4845300000490,2965918,3628508,0
4845300001497,2955515,3626385,0
4845300000196,2962307,3648494,0
4820900000751,2931481,3604182,0
4849100001358,2978718,3701656,0
4849100001957,2971062,3667871,0
4845300000021,2945734,3639698,0
4849100001061,2956538,3659029,0
4820900000908,2958464,3584873,0
4849100000103,2949874,3671138,0
4845300001538,2968767,3638723,0
4845300000334,2959316,3638727,0
4845300000057,2960140,3629824,0
4845300000558,2977480,3657679,0
4802100001180,3003993,3633991,0
4849100000104,2953634,3669202,0
4802100001185,3034116,3618585,0
4845300001445,2969668,3635873,0
4845300000026,2946480,3632935,0
4845300001560,2968975,3640859,0
4849100000873,2963477,3678911,0
4849100000985,3010642,3673841,0
4845300000343,2966058,3638155,0
4820900000777,2962137,3579902,0
4845300000214,2963492,3648446,0
4845300001696,2963586,3643236,0
4845300001871,2973403,3641332,0
4845300000472,2966318,3630195,0
4805300001822,2895151,3656722,0
4820900000792,2958757,3595826,0
4845300000553,2982798,3616901,0
4849100001961,2947191,3670029,0
4820900000750,2932962,3599236,0
4820900001502,2958732,3584188,0
4820900000705,2957985,3584628,0
4802100001179,3017276,3626536,0
4845300001918,2950115,3655397,0
4845300001580,2974761,3645491,0
4845300000240,2970802,3648106,0
4845300000290,2968276,3641045,0
4820900000781,2956898,3573411,0
4805300001826,2907625,3659529,0
4849100000470,2950263,3661357,0
4849100001007,2970553,3673793,0
4820900000919,2958908,3584505,0
4849100000885,2993109,3678143,0
4845300000439,2967623,3633397,0
4849100000163,2958471,3655132,0
4820900000702,2958424,3585514,0
4820900000737,2955240,3585114,0
4805300001889,2906948,3677372,0
4820900000761,2932690,3626385,0
4820900000816,2963588,3597128,0
4845300000221,2971018,3649515,0
4845300001726,2966473,3638293,0
4849100000647,2971802,3679852,0
4849100001953,2967320,3672659,0
4805500001277,2984494,3590746,0
4805300001817,2912425,3665617,0
4802100001169,3017298,3628012,0
4849100000136,2967148,3664016,0
4805500001286,2981868,3610900,0
4849100000883,2991377,3684334,0
4805500001292,2981056,3593812,0
4820900000688,2939012,3611276,0
4845300000170,2964021,3655164,0
4802100001161,3018623,3610806,0
4845300001733,2971578,3647878,0
4820900000756,2934765,3593742,0
4849100000868,2949378,3703883,0
4845300000522,2975575,3615918,0
4845300000509,2964361,3625992,0
4845300000247,2967070,3645213,0
4845300000415,2971182,3635891,0
4805500001248,2979926,3577658,0
4802100001929,3033931,3619919,0
4820900000784,2957311,3579436,0
4845300000593,2976201,3663218,0
4845300001685,2971832,3636158,0
4820900001085,2962291,3610004,0
4845300000427,2972602,3633687,0
4845300000391,2969152,3635607,0
4845300000847,2955964,3626998,0
4805500001255,3003138,3571412,0
4802100001383,3009617,3619635,0
4820900000710,2959091,3585608,0
4849100001102,2980885,3690786,0
4845300001333,2980127,3622388,0
4805300001789,2924737,3682397,0
4820900000706,2958300,3584435,0
4845300000194,2973534,3661422,0
4820900000842,2964609,3589919,0
4802100001387,2998990,3621448,0
4849100000654,2989660,3679138,0
4845300000064,2949300,3629934,0
4845300000157,2968219,3657482,0
4845300000058,2961406,3629069,0
4805500001293,2984368,3592402,0
4820900000762,2960358,3587937,0
4845300001584,2971268,3653738,0
4849100001423,2964947,3676150,0
4845300000560,2984609,3651198,0
4845300000097,2958653,3618350,0
4845300000191,2964396,3652482,0
4845300000192,2965528,3652659,0
4845300000614,2986432,3633869,0
4820900001086,2964707,3611213,0
4845300001323,2976741,3664672,0
4845300001888,2982545,3647203,0
4845300001455,2983785,3647587,0
4845300000338,2960956,3638464,0
4845300000006,2947628,3651974,0
4820900000720,2957648,3584747,0
4820900001690,2965604,3595816,0
4805500001305,2992315,3567397,0
4849100000140,2966358,3662935,0
4820900001491,2958611,3578771,0
4849100001701,2967305,3700552,0
4805500001306,2985491,3591467,0
4845300000077,2957237,3627212,0
4849100001342,2972603,3664337,0
4849100001736,2973758,3664624,0
4849100001322,2958685,3654057,0
4845300000515,2966987,3626357,0
4845300000066,2951119,3627458,0
4845300000096,2958068,3619700,0
4802100001138,3005010,3616815,0
4845300001724,2966524,3639140,0
4845300000266,2972066,3642535,0
4849100001972,2958921,3664865,0
4802100001177,3014734,3628446,0
4845300001718,2964449,3630022,0
4820900000743,2925335,3614917,0
4820900001688,2962261,3602914,0
4845300000621,2996178,3649633,0
4845300000351,2971595,3637422,0
4845300000083,2958365,3626428,0
4845300000364,2959577,3636606,0
4849100001480,2961463,3653344,0
4845300000530,2969063,3623500,0
4845300000256,2974306,3624659,0
4845300001639,2966771,3635051,0
4849100001898,2955467,3687645,0
4845300000437,2966278,3633555,0
4849100000130,2968983,3666200,0
4849100001001,2985019,3669069,0
4849100000129,2967537,3665629,0
4845300001530,2972164,3639833,0
4845300001657,2963947,3622417,0
4845300001464,2974497,3639838,0
4805500001283,2998760,3588845,0
4845300000224,2973631,3647261,0
4805300001752,2886140,3700815,0
4805500001258,2996532,3573597,0
4845300000319,2968227,3640139,0
4845300000416,2970918,3635025,0
4845300001845,2981094,3629620,0
4820900001077,2939447,3592652,0
4802100001137,3006211,3621776,0
4849100001407,2964762,3671123,0
4805500001249,2975875,3575951,0
4849100001885,2963115,3680030,0
4845300001751,2944505,3634597,0
4820900000897,2960133,3582768,0
4805300001796,2907855,3679100,0
4845300000559,2980611,3652508,0
4845300000233,2966113,3646406,0
4805300001791,2922423,3681920,0
4805500001303,2998972,3565110,0
4845300000288,2966909,3640837,0
4845300000466,2963511,3630223,0
4849100000631,2991373,3669179,0
4820900000541,2957830,3585095,0
4849100001431,2991648,3678205,0
4849100000874,2960355,3676603,0
4820900000895,2959461,3583817,0
4849100001026,2967890,3686446,0
4845300001671,2971467,3645439,0
4849100001424,2962308,3680617,0
4849100001960,2948745,3670021,0
4820900000752,2926175,3606439,0
4845300000223,2973262,3649832,0
4845300000592,2969198,3644459,0
4845300001469,2969579,3658730,0
4849100001904,2958958,3657878,0
4845300001647,2970826,3643056,0
4845300000429,2974977,3634381,0
4845300000516,2968196,3624916,0
4845300000060,2954875,3628015,0
4845300001564,2970843,3630411,0
4849100001887,2967032,3682281,0
4845300001683,2969749,3648569,0
4805300001939,2918382,3663038,0
4845300000549,2966757,3616211,0
4802100001391,3011217,3636959,0
4802100001384,3008351,3613972,0
4845300000502,2962463,3628476,0
4802100001197,3021649,3646776,0
4845300000267,2974291,3642825,0
4845300000063,2958050,3628739,0
4849100000645,2985082,3691986,0
4849100001046,2949552,3664585,0
4820900000747,2929182,3620710,0
4820900000915,2957697,3581925,0
4845300001646,2972313,3635476,0
4845300000027,2945703,3636680,0
4845300001917,2951723,3641295,0
4820900000806,2960360,3604360,0
4805300001753,2891495,3707952,0
4845300001526,2975602,3637913,0
4805500001297,3018569,3587181,0
4845300001550,2971678,3634488,0
4820900000779,2958871,3575915,0
4849100001055,2954474,3656190,0
4845300000076,2951339,3624659,0
4845300001919,2969322,3640906,0
4845300000514,2966103,3626941,0
4849100001002,2979409,3666612,0
4802100001192,3013984,3627755,0
4802100001147,3006593,3626929,0
4845300000381,2968042,3634337,0
4805500001301,2993239,3568581,0
4849100000972,3012618,3665775,0
4849100001068,2951461,3672883,0
4845300000602,2963258,3618347,0
4820900000675,2946257,3598979,0
4820900001079,2933586,3589635,0
4849100001060,2959553,3660098,0
4845300001598,2963701,3650104,0
4820900000829,2959392,3601871,0
4820900000817,2963227,3599924,0
4805500001312,2996332,3566708,0
4845300000197,2961818,3649842,0
4845300001850,2971566,3638874,0
4845300001680,2962912,3630975,0
4820900000917,2957182,3583479,0
4802100001201,3014031,3644450,0
4845300000610,2975328,3632322,0
4845300000239,2969509,3647449,0
4820900000674,2944276,3595668,0
4845300000378,2967689,3634658,0
4802100001133,3002929,3602308,0
4849100000574,2958298,3658778,0
4849100000966,2985333,3685984,0
4849100000568,2955904,3666908,0
4802100001371,3016219,3629947,0
4845300001498,2956490,3626172,0
4820900000848,2946170,3617740,0
4820900001689,2964364,3594358,0
4849100001031,2978792,3684491,0
4849100001019,2981449,3694450,0
4849100000632,2967153,3695260,0
4845300000504,2961833,3626389,0
4845300001636,2967685,3634936,0
4805500001243,2993451,3567783,0
4845300000193,2969181,3653550,0
4849100001103,2979264,3693115,0
4820900001327,2963911,3606778,0
4805300001828,2912677,3658802,0
4805300001788,2922817,3682435,0
4849100000002,2944898,3670100,0
4845300000435,2964304,3633085,0
4849100000571,2963884,3667556,0
4845300000005,2946786,3657551,0
4849100001073,2955455,3658571,0
4845300001527,2971412,3641422,0
4802100001369,2989798,3612479,0
4849100001111,2945833,3677355,0
4802100001188,3035298,3617101,0
4802100001144,3015132,3600634,0
4849100001117,2963775,3691663,0
4845300001654,2967671,3627452,0
4845300000182,2958626,3652163,0
4845300000599,2986468,3658613,0
4820900001910,2961052,3584540,0
4845300000243,2976877,3645485,0
4805500001288,2991896,3605449,0
4849100000952,2967275,3674931,0
4845300001452,2967827,3651697,0
4845300000098,2960941,3624764,0
4820900000749,2933661,3613650,0
4845300000208,2977069,3652802,0
4845300001569,2957121,3624133,0
4802100001195,3004049,3658276,0
4849100001399,2970001,3666563,0
4845300001594,2968353,3654747,0
4845300001357,2997820,3656410,0
4802100001374,2994741,3630289,0
4845300000054,2956096,3619416,0
4845300001711,2968755,3641524,0
4849100001030,2975244,3684052,0
4802100001196,3022374,3651789,0
4849100001398,2970030,3668165,0
4805300001818,2907263,3665825,0
4845300001667,2934104,3633721,0
4849100000635,2966437,3688913,0
4845300001876,2971310,3651556,0
4845300000301,2975753,3639433,0
4845300001419,2957366,3621769,0
4820900000753,2925358,3595423,0
4845300000365,2960281,3635322,0
4802100001210,3000338,3651902,0
4845300001673,2969956,3646019,0
4820900000910,2958606,3584509,0
4845300001095,2940475,3644635,0
4849100001029,2973685,3691720,0
4845300000409,2969138,3632931,0
4845300001621,2964354,3631278,0
4845300001566,2963501,3614893,0
4820900001746,2964714,3599870,0
4849100001113,2943193,3671785,0
4820900000758,2936534,3601471,0
4845300000230,2961887,3645432,0
4849100001027,2970673,3686590,0
4845300001633,2969957,3644175,0
4845300000313,2962681,3638182,0
4845300001847,2937606,3652431,0
4845300000478,2967870,3630874,0
4845300001655,2964494,3622455,0
4845300001551,2972171,3634381,0
4845300000503,2961594,3627444,0
4845300000190,2962083,3651873,0
4845300000448,2962632,3633165,0
4820900000808,2963472,3610448,0
4820900001081,2941918,3585318,0
4849100000138,2969383,3665068,0
4820900000694,2951232,3603907,0
4845300000506,2963327,3627513,0
4802100001163,3016038,3626287,0
4805300001793,2926335,3675949,0
4845300001094,2936285,3628279,0
4845300001716,2970608,3633250,0
4820900000742,2923660,3610044,0
4805300001781,2919347,3693183,0
4845300000520,2972028,3623955,0
4845300000207,2977100,3650274,0
4802100001219,3003825,3654216,0
4845300001505,2971662,3628239,0
4845300001878,2966236,3647571,0
4845300000321,2969683,3639686,0
4802100001388,3015520,3652752,0
4849100000114,2965229,3667211,0
4845300000554,2967336,3613507,0
4845300000074,2954862,3624089,0
4802100001176,3014394,3623520,0
4805500001300,2993901,3568299,0
4845300001866,2964817,3630025,0
4845300001456,2985779,3646913,0
4845300001644,2972361,3634899,0
4805300001814,2926122,3669145,0
4849100000126,2968953,3667852,0
4805300001795,2915708,3679588,0
4845300000626,2997990,3652878,0
4820900000717,2957529,3585364,0
4802100001224,3002965,3655512,0
4820900000741,2953120,3577105,0
4805500001284,2975341,3597090,0
4802100001134,2994249,3609184,0
4845300000297,2973018,3640751,0
4805300001783,2929766,3687008,0
4845300000445,2977690,3634441,0
4820900000419,2967286,3599567,0
4805500001860,2978655,3603201,0
4845300000317,2966343,3640449,0
4820900000818,2964589,3603916,0
4849100000933,2954346,3679590,0
4820900000709,2959220,3585006,0
4849100000642,2958421,3685356,0
4845300000511,2965309,3626866,0
4849100001412,2968668,3670243,0
4845300001609,2969018,3629664,0
4845300000536,2963251,3622401,0
4845300000329,2967444,3639935,0
4845300001541,2969294,3633447,0
4845300000417,2970423,3634982,0
4845300001712,2968496,3642366,0
4845300001413,2968154,3635741,0
4805500001273,2990779,3570456,0
4845300001053,2934468,3645001,0
4820900000690,2944898,3609885,0
4820900001084,2926881,3617929,0
4849100000977,3008968,3665546,0
4845300000068,2952846,3627485,0
4820900000788,2953385,3575322,0
4802100001376,3010574,3607015,0
4805300001772,2929635,3706577,0
4845300000424,2972601,3636519,0
4849100000166,2960654,3655270,0
4820900000673,2937213,3591736,0
4845300001444,2970744,3634102,0
4820900000770,2934860,3616197,0
4845300000014,2952972,3652706,0
4802100001206,3005586,3638881,0
4845300001542,2969368,3633894,0
4805500001238,2969277,3585527,0
4802100001178,3018805,3627205,0
4845300000102,2961716,3616105,0
4845300000202,2967256,3650254,0
4845300000262,2968134,3644267,0
4805500001266,2992760,3575084,0
4820900000835,2961426,3587363,0
4820900000787,2956043,3581918,0
4820900000904,2959087,3584792,0
4849100001054,2954196,3658481,0
4802100001975,3038593,3621742,0
4845300001872,2982305,3646051,0
4845300001669,2972251,3643790,0
4802100001924,2997636,3620257,0
4820900000795,2959170,3586992,0
4845300001437,2969803,3633839,0
4805300001938,2915486,3671073,0
4849100000992,2998394,3681289,0
4845300000460,2960841,3632697,0
4805300001803,2895938,3675886,0
4849100000482,2991922,3677758,0
4802100001140,3028868,3603587,0
4820900000799,2958854,3582795,0
4845300001474,2958562,3643230,0
4845300001468,2972483,3658133,0
4849100001345,2974387,3676978,0
4849100000153,2958087,3656246,0
4845300000280,2970482,3641950,0
4845300000431,2959754,3634458,0
4845300001874,2976022,3647986,0
4849100000851,2945900,3665628,0
4849100000998,2995126,3679191,0
4845300000352,2963575,3637051,0
4805300001830,2921244,3652466,0
4845300001883,2965501,3617870,0
4805300001778,2930870,3695479,0
4845300001336,2980928,3625116,0
4845300000286,2965259,3641563,0
4802100001139,3003838,3609772,0
4805300001808,2889255,3665280,0
4849100000968,2979338,3696383,0
4845300000312,2961842,3638772,0
4849100000997,2992879,3675889,0
4845300000403,2966815,3634095,0
4802100001156,3033979,3616977,0
4802100001170,3014002,3614286,0
4849100001049,2957168,3689924,0
4845300001648,2970593,3642467,0
4849100000866,2950285,3682497,0
4849100001406,2964957,3670018,0
4805500001275,2985181,3583350,0
4845300001510,2969206,3626906,0
4849100000970,2987666,3699277,0
4820900001934,2962063,3599089,0
4849100000124,2965511,3666164,0
4820900000815,2967053,3600995,0
4845300000611,2980740,3627998,0
4849100000113,2960958,3666469,0
4849100000878,2964592,3677603,0
4845300001347,2965601,3619138,0
4845300001661,2962621,3624922,0
4820900000805,2962485,3601647,0
4845300000453,2967455,3632373,0
4849100001886,2966270,3681671,0
4849100000971,2992654,3677560,0
4805500001244,2986006,3592266,0
4845300000049,2956965,3635322,0
4845300001466,2967266,3647093,0
4845300000257,2965343,3644476,0
4845300000180,2957536,3651108,0
4845300001882,2962985,3616511,0
4845300000538,2966384,3622687,0
4849100000875,2963671,3677546,0
4845300001619,2965922,3631553,0
4820900000676,2954330,3595416,0
4845300000551,2972560,3615021,0
4849100001005,2985988,3677782,0
4845300001339,2982211,3637769,0
4845300000505,2962719,3625971,0
4820900000765,2923582,3626137,0
4845300000501,2983144,3630907,0
4845300000518,2969983,3625352,0
4820900001490,2956394,3575977,0
4845300001535,2941374,3637270,0
4805500001311,2994951,3569367,0
4845300001349,2965595,3621993,0
4845300000260,2967113,3644487,0
4845300001750,2942159,3635295,0
4849100001075,2977863,3668860,0
4849100001414,2943926,3680307,0
4820900001748,2966659,3596837,0
4805300001832,2923925,3645866,0
4845300000318,2974268,3625735,0
4845300000010,2941991,3651235,0
4845300000302,2978070,3641503,0
4849100001964,2948193,3668002,0
4845300000442,2971840,3632124,0
4849100001318,2971135,3661274,0
4845300000420,2970174,3633316,0
4802100001370,3029858,3616330,0
4849100000658,2999931,3676707,0
4845300000034,2957903,3636118,0
4849100001921,2965500,3680323,0
4820900000769,2933675,3617040,0
4820900000920,2963947,3582236,0
4820900001494,2961973,3588428,0
4845300000044,2951327,3632830,0
4845300001592,2975311,3654073,0
4845300000521,2977243,3624244,0
4805300001843,2902705,3647379,0
4845300000276,2966812,3642770,0
4849100000644,2986613,3693083,0
4845300000033,2956954,3638058,0
4849100000934,2949074,3677807,0
4802100001205,3011423,3630279,0
4845300000082,2956758,3625355,0
4845300000345,2967039,3638469,0
4845300000440,2968289,3632914,0
4849100000169,2961288,3654002,0
4805300001763,2910377,3695876,0
4845300000609,2980004,3625514,0
4805300001756,2896831,3698676,0
4845300001549,2972052,3633929,0
4845300000595,2984225,3662303,0
4820900000733,2947575,3607714,0
4820900000780,2955128,3572486,0
4820900000672,2951734,3577275,0
4820900000906,2958844,3585087,0
4845300000406,2968015,3633988,0
4845300001640,2966988,3635010,0
4849100000973,3010610,3669321,0
4845300001613,2965926,3630601,0
4802100001223,3002480,3652697,0
4849100000127,2972462,3668421,0
4849100001064,2951751,3657103,0
4805300001758,2885894,3691746,0
4849100000976,3005892,3669053,0
4820900000783,2956435,3581090,0
4845300000081,2957050,3626605,0
4802100001930,3001809,3652913,0
4845300000273,2961795,3642090,0
4849100000120,2960781,3659747,0
4805500001267,2985028,3591123,0
4845300000447,2980975,3632761,0
4849100001706,2944718,3673226,0
4845300000441,2969870,3632160,0
4805300001759,2888332,3685568,0
4805500001261,2987725,3572737,0
4845300000627,2988943,3654807,0
4820900001911,2955329,3582661,0
4845300001875,2971347,3652008,0
4845300001348,2966006,3621357,0
4845300001585,2971240,3657936,0
4845300001450,2967425,3648914,0
4805500001256,2994442,3568658,0
4845300000065,2949552,3626166,0
4845300000185,2957996,3649326,0
4849100001317,2967600,3659737,0
4849100001118,2966986,3692202,0
4820900000759,2933567,3605731,0
4849100000936,2964086,3685315,0
4805500001257,2994144,3586369,0
4849100001006,2973987,3673506,0
4849100000890,3018052,3670881,0
4849100000960,2965415,3684518,0
4849100001946,2962910,3666582,0
4805300001782,2927262,3690578,0
4805500001304,2992942,3571615,0
4845300001620,2964703,3632404,0
4802100001151,3031395,3640484,0
4845300001496,2954188,3627849,0
4849100000963,2966378,3697548,0
4802100001189,3035830,3618326,0
4820900000796,2958972,3580017,0
4849100000965,2980449,3678954,0
4820900000696,2942968,3622458,0
4845300000508,2963653,3626121,0
4845300000052,2954560,3631412,0
4849100000151,2955311,3654344,0
4849100001971,2957496,3664054,0
4849100000859,2964400,3678870,0
4845300001698,2963938,3646105,0
4845300000069,2945134,3626808,0
4845300001099,2985165,3648092,0
4849100001394,2968726,3673095,0
4820900000582,2974702,3607012,0
4845300000246,2966032,3645358,0
4845300000438,2967073,3633447,0
4820900000722,2962033,3584692,0
4845300000008,2928331,3645743,0
4845300001595,2968102,3653581,0
4845300000245,2965309,3645603,0
4805300001810,2908223,3673216,0
4845300000402,2965751,3634356,0
4849100000979,3003012,3665533,0
4805300001806,2891319,3674561,0
4845300001723,2970303,3641322,0
4845300000350,2966869,3625475,0
4802100001194,3001059,3655553,0
4845300000605,2978462,3621131,0
4805500001302,2993876,3569097,0
4845300001440,2970242,3633774,0
4849100000879,2963970,3676261,0
4845300001511,2968969,3625972,0
4820900000755,2921612,3604776,0
4805300001777,2932556,3692848,0
4820900001489,2956756,3578546,0
4845300000289,2967469,3641404,0
4845300001576,2964674,3644940,0
4849100000118,2955888,3656477,0
4845300001634,2969659,3643419,0
4802100001127,2986294,3615148,0
4845300000295,2972981,3616582,0
4820900000791,2934009,3618812,0
4805300001765,2917195,3711579,0
4820900000914,2957421,3582906,0
4845300001686,2969609,3628876,0
4845300000603,2992283,3630968,0
4849100001740,2982825,3675211,0
4845300000396,2973826,3637666,0
4805500001260,2994281,3568260,0
4849100000662,2975403,3668011,0
4820900000833,2963142,3591323,0
4849100001895,2953696,3657531,0
4845300000100,2960863,3620781,0
4845300000222,2972203,3649186,0
4845300001731,2967926,3648208,0
4849100001397,2971184,3672510,0
4845300000363,2968420,3636910,0
4845300000546,2964579,3615053,0
4845300000347,2968359,3637663,0
4849100001044,2949198,3660737,0
4845300000355,2966013,3637224,0
4845300000050,2958311,3633498,0
4805500001298,2984556,3591668,0
4849100001702,2946397,3699750,0
4849100000967,2989666,3689683,0
4845300001521,2970043,3631378,0
4849100001531,2961193,3662943,0
4845300000462,2961876,3631508,0
4820900000721,2962159,3585676,0
4849100001959,2972023,3666396,0
4845300001471,2972111,3650551,0
4845300000237,2969234,3646323,0
4820900000669,2949344,3591802,0
4845300001362,2971111,3638137,0
4802100001372,3008406,3630209,0
4845300000479,2967967,3629645,0
4849100001943,2965113,3665157,0
4845300000401,2984162,3637183,0
4849100001401,2971691,3663940,0
4845300000036,2952180,3634633,0
4845300000620,2988138,3648605,0
4805500001858,2977897,3577951,0
4849100000991,3002576,3683803,0
4805500001269,2989869,3576169,0
4820900000581,2970256,3608485,0
4805500001235,2965802,3586920,0
4820900000586,2952858,3607850,0
4845300000430,2958937,3635235,0
4845300001465,2974360,3638600,0
4845300001340,2981174,3645076,0
4845300001719,2956437,3622675,0
4849100001395,2969892,3669634,0
4849100001945,2965729,3665001,0
4849100001704,2951002,3669498,0
4849100000121,2962720,3663153,0
4845300001354,2970678,3657215,0
4845300001330,2978067,3615515,0
4802100001175,3014600,3621205,0
4845300001581,2977164,3648814,0
4845300000241,2971936,3646195,0
4849100000996,2991700,3676124,0
4849100001015,2979942,3681620,0
4845300001638,2967025,3634675,0
4845300001334,2980225,3621528,0
4845300001486,2972237,3613948,0
4845300000386,2968641,3636281,0
4802100001132,3008893,3602585,0
4849100000634,2971350,3695998,0
4845300000023,2956190,3644669,0
4845300000465,2964322,3630578,0
4845300000500,2977445,3631124,0
4849100001070,2955461,3662947,0
4849100001320,2972363,3662085,0
4845300000088,2956323,3624004,0
4849100001009,2978921,3676661,0
4845300000174,2974281,3656584,0
4805300001774,2936291,3698946,0
4845300001916,2951103,3644858,0
4845300001635,2967325,3634687,0
4845300001108,2933449,3659543,0
4805300001802,2899443,3672660,0
4805500001233,3008871,3588729,0
4849100001051,2970245,3662175,0
4849100001908,2986683,3683217,0
4820900000814,2970180,3597277,0
4845300001862,2965616,3620540,0
4805500001279,2985217,3590153,0
4849100000857,2947416,3673959,0
4805300001821,2890458,3660915,0
4845300000557,2976247,3614154,0
4802100001150,3014859,3633831,0
4802100001142,3021424,3597828,0
4845300001728,2969572,3637162,0
4845300001410,2966936,3635852,0
4845300000344,2966533,3638611,0
4845300001626,2967775,3636151,0
4820900000837,2962020,3591880,0
4802100001128,2991107,3621769,0
4849100001360,2938212,3690090,0
4820900000718,2957955,3584933,0
4845300001562,2968827,3631074,0
4849100000993,2995100,3683830,0
4845300000283,2965465,3624256,0
4805500001366,2992574,3579290,0
4845300000349,2969260,3636759,0
4845300000481,2968769,3628583,0
4845300001539,2970268,3632745,0
4845300000167,2966496,3656562,0
4805500001236,2968226,3590192,0
4845300000616,2994757,3640201,0
4845300000213,2959782,3646919,0
4845300000205,2971019,3650999,0
4845300001449,2966813,3648696,0
4845300001617,2964934,3631769,0
4802100001187,3031798,3618430,0
4845300000171,2966127,3654576,0
4845300001717,2963434,3631427,0
4849100001909,2973791,3700580,0
4802100001199,3021581,3640830,0
4845300000607,2987910,3662114,0
4845300001547,2971552,3633581,0
4820900001082,2938903,3594116,0
4845300001590,2972672,3654444,0
4849100001737,2966599,3677361,0
4802100001379,3006394,3623437,0
4849100001481,2971157,3677357,0
4805500001280,2986599,3590519,0
4805500001309,2993132,3569491,0
4845300001453,2968232,3656054,0
4845300000032,2954403,3638687,0
4805500001281,3001610,3566436,0
4849100001428,2973126,3703505,0
4849100000107,2967152,3678599,0
4849100000953,2968129,3675997,0
4820900000892,2959249,3582612,0
4849100000421,2959195,3687949,0
4845300000200,2966784,3652315,0
4849100001973,2963419,3664964,0
4845300001436,2969855,3634184,0
4849100000884,3000210,3679499,0
4849100000131,2966860,3664466,0
4849100000263,2970147,3701975,0
4849100001114,2939287,3673315,0
4849100001069,2953860,3660523,0
4849100001119,2997864,3684931,0
4820900000789,2957164,3577488,0
4805300001804,2893137,3679612,0
4845300001346,2964552,3619043,0
4849100000980,2994650,3671310,0
4849100000522,2964409,3680300,0
4820900000746,2922407,3616550,0
4845300000519,2971036,3624888,0
4820900000831,2961658,3599119,0
4802100001216,3005027,3653055,0
4845300000394,2971285,3636530,0
4802100001373,3021181,3626739,0
4845300000471,2966198,3631425,0
4820900001043,2962785,3605660,0
4802100001375,2999170,3629113,0
4820900000776,2958753,3581704,0
4820900000667,2937640,3588716,0
4845300000133,2975756,3660901,0
4849100001894,2945948,3671268,0
4849100000988,3005137,3686912,0
4849100000947,2955360,3696118,0
4845300000314,2963286,3639905,0
4805300001800,2904440,3678324,0
4805300001805,2887988,3679319,0
4845300001356,2973497,3618564,0
4849100000116,2968493,3668548,0
4820900000803,2971817,3605416,0
4845300000380,2967665,3634366,0
4845300000372,2966792,3634658,0
4845300000099,2960038,3622390,0
4805500001270,2986432,3568724,0
4802100001152,3024567,3611970,0
4845300000373,2967346,3634989,0
4845300001518,2966715,3621061,0
4849100001321,2974955,3663872,0
4845300000013,2949812,3647259,0
4849100000942,2947289,3699477,0
4845300000218,2966792,3647657,0
4845300001660,2962381,3623534,0
4802100001157,3025057,3625842,0
4805500001287,2985694,3608769,0
4845300001851,2970979,3637098,0
4802100001385,3010244,3610890,0
4845300000292,2970277,3640660,0
4820900000825,2960277,3596138,0
4845300000009,2932180,3651779,0
4849100001965,2950025,3667361,0
4845300001905,2971404,3618919,0
4845300000231,2964531,3646867,0
4845300000510,2964641,3626987,0
4845300001625,2967305,3636535,0
4820900001093,2964764,3606129,0
4805300001799,2903661,3680447,0
4805300001771,2937130,3703762,0
4849100000931,2955364,3664627,0
4845300000179,2954559,3648988,0
4845300000242,2972133,3646965,0
4805300001768,2931762,3714228,0
4845300000201,2966248,3650236,0
4849100001630,2961242,3658178,0
4802100001166,3015009,3631586,0
4845300001687,2969512,3629730,0
4845300001447,2969109,3642788,0
4805500001290,2983845,3603774,0
4849100000999,2988626,3668906,0
4845300000619,2995283,3645697,0
4805500001229,3007591,3595313,0
4845300001732,2971276,3646639,0
4845300000455,2968970,3631873,0
4845300000428,2974174,3634066,0
4820900000681,2961005,3602253,0
4849100001112,2940764,3670144,0
4845300001556,2970197,3637256,0
4845300001695,2961571,3635467,0
4845300001852,2983160,3639939,0
4820900000715,2958488,3586735,0
4845300001624,2966365,3635466,0
4849100000923,2990238,3678224,0
4845300001457,2978725,3659127,0
4849100001958,2971264,3665059,0
4845300000598,2982939,3659130,0
4802100001928,3032941,3618993,0
4849100000962,2973384,3687888,0
4805300001767,2930601,3717223,0
4820900001663,2959915,3586225,0
4849100000956,2967905,3680723,0
4849100000880,2962377,3676251,0
4845300000358,2966755,3636335,0
4802100001131,3000588,3605547,0
4849100001951,2965513,3670136,0
4845300000542,2963748,3620456,0
4845300000250,2970448,3645760,0
4845300001338,2982723,3633779,0
4845300001672,2969516,3645120,0
4845300000158,2969954,3657035,0
4849100001121,3004346,3680155,0
4802100001926,3031279,3621166,0
4845300000563,2985264,3639253,0
4845300000199,2964101,3651231,0
4845300000434,2961935,3634592,0
4849100001100,2971896,3662820,0
4845300001666,2943039,3630521,0
4849100000643,3001522,3693818,0
4820900000724,2961719,3586820,0
4849100000663,2971261,3670157,0
4845300000623,2981860,3654417,0
4849100000955,2969350,3677451,0
4802100001143,3022290,3590858,0
4849100001700,2969368,3699007,0
4820900000704,2958286,3584805,0
4845300000564,2988691,3639912,0
4845300001593,2970158,3653164,0
4802100001204,3008932,3648302,0
4802100001382,3024950,3620249,0
4845300000189,2960597,3650731,0
4820900000695,2932882,3622369,0
4802100001159,3029584,3624145,0
4820900000798,2958544,3583316,0
4820900000844,2968817,3595721,0
4805500001857,2978345,3583157,0
4845300000629,2982416,3656507,0
4805500001232,3001151,3587456,0
4849100000155,2962997,3657149,0
4845300000388,2969417,3636424,0
4820900000685,2937890,3615687,0
4845300000367,2963178,3635211,0
4849100000887,2995857,3676076,0
4845300001891,2969552,3660433,0
4845300000498,2974819,3629876,0
4845300001940,2986564,3641050,0
4845300000275,2965822,3642822,0
4845300001559,2968252,3638871,0
4845300001561,2966777,3641683,0
4849100000187,2960109,3652885,0
4845300000491,2966389,3627730,0
4849100001479,2958408,3653714,0
4849100000422,2991408,3677282,0
4849100000794,2964453,3661906,0
4849100001116,2941972,3689533,0
4845300000513,2965893,3625653,0
4820900001493,2960872,3587570,0
4845300000346,2967519,3638062,0
4805300001780,2917300,3698753,0
4845300001591,2972020,3656760,0
4845300001097,2936734,3647464,0
4845300000450,2964476,3632622,0
4849100000863,2942648,3703043,0
4805300001815,2924020,3661287,0
4849100001393,2965872,3678264,0
4820900000723,2961160,3585673,0
4845300000400,2980148,3638107,0
4845300001906,2994285,3652525,0
4845300000377,2967932,3635281,0
4845300001438,2968940,3633936,0
4849100000142,2967326,3661663,0
4845300001552,2973574,3634087,0
4845300000456,2969317,3630863,0
4845300000277,2967751,3642448,0
4802100001141,3036002,3612283,0
4849100000109,2969541,3671530,0
4845300000178,2954758,3652125,0
4845300000436,2965242,3633873,0
4845300000229,2963930,3647781,0
4845300000612,2984591,3627112,0
4805300001812,2916288,3675781,0
4802100001136,2997644,3613698,0
4805500001289,2987367,3597589,0
4849100001022,2976415,3697834,0
4845300001678,2955452,3636244,0
4849100000994,2996546,3688905,0
4845300000327,2965696,3639658,0
4845300000331,2967779,3639003,0
4849100001969,2954004,3659961,0
4849100001962,2948080,3669184,0
4845300001577,2964600,3644346,0
4845300000219,2968512,3648820,0
4820900000782,2956608,3580255,0
4805300001827,2910401,3661308,0
4849100001016,2982039,3684980,0
4845300000323,2972821,3638280,0
4845300000016,2926645,3636623,0
4849100001000,2982024,3669689,0
4849100000144,2968722,3663427,0
4820900000707,2957958,3584106,0
4845300000375,2967410,3635797,0
4849100000975,3014514,3667858,0
4820900000772,2960541,3580950,0
4845300001650,2968731,3637593,0
4849100000656,2995815,3664170,0
4805300001757,2896721,3694807,0
4820900000668,2945366,3589738,0
4820900000713,2959463,3586009,0
4849100000105,2954833,3670637,0
4849100000925,2950904,3665351,0
4849100000932,2956994,3662535,0
4820900000671,2950691,3580549,0
4845300001879,2965572,3649778,0
4845300000412,2969939,3634906,0
4820900000804,2965022,3609026,0
4845300000175,2974051,3654502,0
4845300000547,2966877,3618652,0
4845300000177,2962378,3650912,0
4805300001786,2911690,3688507,0
4845300001677,2973155,3645570,0
4849100000926,2953103,3661493,0
4845300001578,2968562,3646982,0
4845300000235,2968165,3646596,0
4845300000469,2965402,3630781,0
4845300000382,2968480,3634304,0
4820900001417,2963092,3609622,0
4820900000305,2929185,3600010,0
4805500001247,2979701,3581239,0
4845300000325,2965200,3640852,0
4849100001072,2956180,3661532,0
4820900000734,2956107,3603637,0
4845300001900,2965926,3622947,0
4845300001543,2969736,3633382,0
4820900000698,2937625,3626034,0
4845300000457,2969875,3630705,0
4845300001503,2970695,3623724,0
4805300001835,2915899,3652249,0
4845300001508,2970999,3627451,0
4849100001405,2963483,3665428,0
4820900000727,2961013,3585234,0
4845300001729,2969721,3637712,0
4820900000823,2961580,3595367,0
4805500001237,2972741,3590689,0
4845300000181,2958300,3653185,0
4849100001458,2993857,3678564,0
4845300001563,2970779,3631891,0
4820900000703,2958688,3585717,0
4802100001126,2991587,3618780,0
4845300001545,2972794,3634613,0
4805300001833,2922411,3648529,0
4849100000307,2980760,3672188,0
4805500001250,2972591,3578653,0
4845300001867,2975254,3626848,0
4802100001848,3013496,3625790,0
4820900000839,2956646,3587521,0
4820900000830,2962280,3599773,0
4802100001927,3033266,3619356,0
4820900000790,2955361,3576564,0
4820900000760,2934303,3610178,0
4845300001877,2966894,3649408,0
4845300000040,2964602,3647872,0
4805500001364,2989505,3602693,0
4845300001670,2953998,3629506,0
4845300001509,2970920,3626478,0
4845300001652,2966551,3628488,0
4820900000893,2959351,3583061,0
4849100000132,2967569,3664828,0
4805500001252,2967581,3583306,0
4820900000736,2953497,3587611,0
4802100001923,2987013,3619251,0
4845300001353,2970972,3658992,0
4845300001572,2954376,3634438,0
4805500001314,2997442,3593426,0
4845300001506,2968804,3627987,0
4845300000298,2973661,3640352,0
4805300001760,2897521,3686779,0
4849100001319,2967513,3658600,0
4849100000653,2990894,3680021,0
4845300001420,2959100,3625294,0
4802100001849,3013560,3636939,0
4805500001272,2984274,3572577,0